input_text,target_text,label
"{'title': 'Static environmental conditions', 'description': 'A world permanently locked at a single time of day feels static and artificial. A day-night cycle solves this by introducing the constant, natural rhythm of time. This not only adds visual variety but allows designers to create time-dependent gameplay, such as tougher enemies at night or shops that only open in the morning, making the world feel more dynamic.\n'}","Day-Night Cycle - A Day-Night Cycle is a system that simulates the passage of time in the game world, typically with a continuously moving sun and moon, changing skyboxes, and dynamic global lighting. This cycle is often tied directly to gameplay systems, with different NPCs, enemies, quests, or resource availability being tied to a specific time of day.",1
"{'title': 'Static environmental conditions', 'description': 'A world permanently locked at a single time of day feels static and artificial. A day-night cycle solves this by introducing the constant, natural rhythm of time. This not only adds visual variety but allows designers to create time-dependent gameplay, such as tougher enemies at night or shops that only open in the morning, making the world feel more dynamic.\n'}","Modular Construction - Modular Construction is a ""snap-together"" building system that uses a limited set of pre-fabricated, interlocking pieces (like floors, walls, and ramps). These pieces are designed to connect to each other seamlessly, often on a grid system, allowing for rapid and intuitive building. This method contrasts with more granular, free-form systems like voxel-based construction.",0
"{'title': 'Static environmental conditions', 'description': 'A world permanently locked at a single time of day feels static and artificial. A day-night cycle solves this by introducing the constant, natural rhythm of time. This not only adds visual variety but allows designers to create time-dependent gameplay, such as tougher enemies at night or shops that only open in the morning, making the world feel more dynamic.\n'}","Skill Trees - A Skill Tree is a visual representation of a character's progression path, where skills and abilities are laid out in a branching, tree-like structure. Players spend points (often earned by leveling up) to unlock nodes on the tree. More powerful abilities are typically located further down a branch, requiring investment in prerequisite, lower-tier skills to reach them.",0
"{'title': 'Uniformly safe traversal', 'description': 'If the entire game world is safe to walk on, traversal becomes a simple act of holding forward with no engagement. Environmental hazards solve this. They turn the environment itself into an antagonist, forcing the player to be mindful of their surroundings and creating traversal puzzles where the path itself is a source of challenge.\n'}","Environmental Hazards - Environmental Hazards are elements of the game world that can inflict damage or a negative status effect on the player through proximity or contact. This can include natural hazards like pools of lava, deep water, or toxic gas vents, as well as man-made dangers like electrified floors, fields of radiation, or spinning blades.",1
"{'title': 'Uniformly safe traversal', 'description': 'If the entire game world is safe to walk on, traversal becomes a simple act of holding forward with no engagement. Environmental hazards solve this. They turn the environment itself into an antagonist, forcing the player to be mindful of their surroundings and creating traversal puzzles where the path itself is a source of challenge.\n'}","In-Game Chat - An In-Game Chat is a user interface that allows for real-time text-based communication between players in the same game session or channel. It typically includes different channels for various groups, such as local area ('say'), team, party or group, and private messages ('whispers'). It is a foundational feature of most multiplayer PC games.",0
"{'title': 'Uniformly safe traversal', 'description': 'If the entire game world is safe to walk on, traversal becomes a simple act of holding forward with no engagement. Environmental hazards solve this. They turn the environment itself into an antagonist, forcing the player to be mindful of their surroundings and creating traversal puzzles where the path itself is a source of challenge.\n'}","First-Person View - First-Person View is a camera perspective where the viewpoint is placed within the character's head, showing the game world from their eyes. The player character's body is typically not rendered, with the exception of their hands, arms, and any held items like weapons or tools. This perspective offers a direct, unfiltered view of the game world, prioritizing immersion and direct aiming.",0
"{'title': 'Static environmental conditions', 'description': 'A world with permanently clear skies feels artificial and lacks dynamism. A weather system solves this by introducing atmospheric variety. This not only enhances immersion and visual interest but can also be used by designers to directly influence gameplay, such as fog reducing visibility in a stealth section or rain making surfaces slippery.\n'}","Weather Systems - A Weather System is a feature that dynamically simulates changing atmospheric conditions, such as rain, snow, fog, thunderstorms, and wind. These systems can be purely for atmospheric effect, or they can have a direct and systemic impact on gameplay by affecting visibility, NPC behavior, traversal mechanics (e.g., slippery surfaces), or the effectiveness of certain elements like fire.",1
"{'title': 'Static environmental conditions', 'description': 'A world with permanently clear skies feels artificial and lacks dynamism. A weather system solves this by introducing atmospheric variety. This not only enhances immersion and visual interest but can also be used by designers to directly influence gameplay, such as fog reducing visibility in a stealth section or rain making surfaces slippery.\n'}","In-Game Currency - An In-Game Currency is a fungible, universally accepted medium of exchange within the game world (e.g., gold, credits, dollars). It acts as a standardized measure of value for goods and services, forming the backbone of any game economy. It is typically awarded to the player for completing activities and is spent on items, upgrades, and services provided by NPCs or other players.",0
"{'title': 'Static environmental conditions', 'description': 'A world with permanently clear skies feels artificial and lacks dynamism. A weather system solves this by introducing atmospheric variety. This not only enhances immersion and visual interest but can also be used by designers to directly influence gameplay, such as fog reducing visibility in a stealth section or rain making surfaces slippery.\n'}","Quick Time Combat - Quick Time Combat is the specific application of Quick Time Events (QTEs) within a combat encounter, often as a finishing move or a way to handle a large, unique enemy. Instead of using the standard combat controls, the player is prompted with a series of timed button presses to execute a pre-scripted, cinematic combat animation. Success usually results in defeating the enemy, while failure may deal damage or reset the sequence.",0
"{'title': 'Lifeless, scripted game worlds', 'description': ""It's a design challenge to make a game's wildlife feel authentic when every animal is just a mindless, wandering prop on a pre-set path. A dynamic ecosystem solves this by creating a web of interacting AI systems. This results in emergent, unscripted events that make the world feel like a living, breathing place that exists independently of the player's actions.\n""}","Dynamic Ecosystem - A Dynamic Ecosystem is a complex simulation where different forms of AI life (predators, prey, herbivores) and sometimes even flora interact with each other and the environment based on a set of systemic rules. These systems are designed to create unscripted, emergent behaviors, such as predators hunting prey, animals traveling in herds to specific water sources, or scavengers appearing at a fresh kill.",1
"{'title': 'Lifeless, scripted game worlds', 'description': ""It's a design challenge to make a game's wildlife feel authentic when every animal is just a mindless, wandering prop on a pre-set path. A dynamic ecosystem solves this by creating a web of interacting AI systems. This results in emergent, unscripted events that make the world feel like a living, breathing place that exists independently of the player's actions.\n""}","Cover Shooting - Cover Shooting is a combat style that merges a Cover System with ranged combat mechanics. It allows a character to ""stick"" to environmental objects for protection, and from that safe position, perform a variety of actions like peeking out to aim, firing blindly over the top, or moving to adjacent cover points. It is the defining mechanic of many modern third-person shooters.",0
"{'title': 'Lifeless, scripted game worlds', 'description': ""It's a design challenge to make a game's wildlife feel authentic when every animal is just a mindless, wandering prop on a pre-set path. A dynamic ecosystem solves this by creating a web of interacting AI systems. This results in emergent, unscripted events that make the world feel like a living, breathing place that exists independently of the player's actions.\n""}","Over-the-Shoulder - An Over-the-Shoulder view is a specific type of third-person perspective where the camera is positioned closely behind and slightly to one side of the player character. This view typically frames the character from the waist up, providing a clear line of sight past them that is ideal for aiming ranged weapons, while still keeping the player character visible for situational awareness.",0
"{'title': 'Player disorientation in large worlds', 'description': ""It's a design challenge to allow players to freely explore a massive world without them getting hopelessly lost. The open world map is the fundamental solution. It provides the essential cartographic tool that gives players the confidence to explore, allowing them to orient themselves, plan long journeys, and track their progress.\n""}","Open World Map - An Open World Map is the user interface screen that displays the player's position within a large, non-linear game world. It serves as the primary tool for navigation, allowing players to set custom waypoints, view discovered points of interest, and often track the locations of quests and other activities spread across the expansive game space.",1
"{'title': 'Player disorientation in large worlds', 'description': ""It's a design challenge to allow players to freely explore a massive world without them getting hopelessly lost. The open world map is the fundamental solution. It provides the essential cartographic tool that gives players the confidence to explore, allowing them to orient themselves, plan long journeys, and track their progress.\n""}","Positional Audio - Positional Audio, often referred to as 3D audio or spatial sound, is an audio-processing technique that simulates how sound travels in a three-dimensional space. By manipulating volume, delay, and equalization based on a sound's source relative to the player (the ""listener""), the system allows players to accurately pinpoint the location and distance of in-game events based on sound alone. This requires headphones or a multi-speaker setup for the full effect.",0
"{'title': 'Player disorientation in large worlds', 'description': ""It's a design challenge to allow players to freely explore a massive world without them getting hopelessly lost. The open world map is the fundamental solution. It provides the essential cartographic tool that gives players the confidence to explore, allowing them to orient themselves, plan long journeys, and track their progress.\n""}","Lock-On - A Lock-On is a camera and targeting system that, when activated by the player on a specific enemy, forces the game camera to remain focused on that target. Player movement and attacks then become relative to the locked-on enemy (e.g., pushing left on the stick strafes around the enemy). It is a foundational mechanic for readable, one-on-one combat in a 3D space.",0
"{'title': 'Computationally expensive group movement', 'description': 'Pathfinding for dozens or hundreds of individual units in real-time is computationally expensive and can lead to performance issues or unnatural behavior. Flocking solves this by using simple, local rules for each agent. This creates believable, complex group movement (like schools of fish or swarms of bats) in a highly efficient manner.\n'}","Flocking - Flocking is an AI algorithm that simulates the coordinated, emergent behavior of a group of entities (a ""flock"" or ""swarm""). It's based on a set of simple rules that each individual agent follows, such as separation (avoid crowding neighbors), alignment (steer towards the average heading of neighbors), and cohesion (steer towards the average position of neighbors). The result is complex, natural-looking group movement without scripting each agent's path individually.",1
"{'title': 'Computationally expensive group movement', 'description': 'Pathfinding for dozens or hundreds of individual units in real-time is computationally expensive and can lead to performance issues or unnatural behavior. Flocking solves this by using simple, local rules for each agent. This creates believable, complex group movement (like schools of fish or swarms of bats) in a highly efficient manner.\n'}","Interact - The Interact mechanic is the fundamental bridge between the player and the game world's objects, characters, and systems. The implementation is context-sensitive: the game engine detects when the player is near an interactable entity and presents a prompt for a specific action. This can range from a single-button system where the game determines the action to a menu-based system that offers the player multiple choices.  Advanced implementations include 'held' interactions, where holding a button for a duration creates tension or represents effort, such as reviving a teammate or disarming a trap.",0
"{'title': 'Computationally expensive group movement', 'description': 'Pathfinding for dozens or hundreds of individual units in real-time is computationally expensive and can lead to performance issues or unnatural behavior. Flocking solves this by using simple, local rules for each agent. This creates believable, complex group movement (like schools of fish or swarms of bats) in a highly efficient manner.\n'}","Open World - Open World is a design philosophy for game worlds that emphasizes a large, seamless or near-seamless space with a high degree of player freedom. Unlike linear games that guide the player through a set sequence of levels, an open world allows the player to choose where to go and which activities to pursue, with quests and content spread non-linearly across the map.",0
"{'title': 'NPC traversal in complex environments', 'description': ""It's a fundamental design problem: an NPC needs to get from point A to B, but the level has walls, furniture, and other obstacles. Without a system to navigate these, the character would get stuck or walk through walls, breaking immersion. Pathfinding provides the essential logic for characters to intelligently navigate complex game worlds.\n""}","Pathfinding - Pathfinding is an AI process that finds a viable route for an entity to move from a starting point to a destination, navigating around obstacles. It operates on a simplified representation of the game world, often a 'navigation mesh' (navmesh) or a grid of waypoints. Algorithms like A* (A-star) are commonly used to calculate the most efficient path through this data structure. The result is a series of points that the AI character follows to reach its target.",1
"{'title': 'NPC traversal in complex environments', 'description': ""It's a fundamental design problem: an NPC needs to get from point A to B, but the level has walls, furniture, and other obstacles. Without a system to navigate these, the character would get stuck or walk through walls, breaking immersion. Pathfinding provides the essential logic for characters to intelligently navigate complex game worlds.\n""}","Weather Systems - A Weather System is a feature that dynamically simulates changing atmospheric conditions, such as rain, snow, fog, thunderstorms, and wind. These systems can be purely for atmospheric effect, or they can have a direct and systemic impact on gameplay by affecting visibility, NPC behavior, traversal mechanics (e.g., slippery surfaces), or the effectiveness of certain elements like fire.",0
"{'title': 'NPC traversal in complex environments', 'description': ""It's a fundamental design problem: an NPC needs to get from point A to B, but the level has walls, furniture, and other obstacles. Without a system to navigate these, the character would get stuck or walk through walls, breaking immersion. Pathfinding provides the essential logic for characters to intelligently navigate complex game worlds.\n""}","Charge Attack - A Charge Attack is a combat action where the player holds down an input button to build up power, then releases it to unleash a more powerful version of an attack. The design is defined by the trade-off between the time spent charging (a window of vulnerability) and the increased damage, area of effect, or special properties (like breaking a guard) of the resulting attack.",0
"{'title': 'Omniscient enemy AI', 'description': ""An AI that always knows the player's location is uninteresting for stealth and tactical gameplay. A Perception system solves this by creating rules for how an AI gathers information. It forces the AI to rely on simulated senses, meaning the player can use stealth, darkness, and sound to manipulate the AI's awareness, creating a more dynamic and fair challenge.\n""}","Perception - Perception in AI refers to the systems that simulate senses, primarily sight and hearing, allowing non-player characters to detect and react to the player and the world. This involves defining parameters like an AI's field of view, detection range, and sensitivity to sound. When the player enters a perception trigger (e.g., a line-of-sight check passes), the AI's state changes, for instance from 'patrolling' to 'suspicious' or 'hostile'. This system is fundamental to creating believable and responsive enemies.",1
"{'title': 'Omniscient enemy AI', 'description': ""An AI that always knows the player's location is uninteresting for stealth and tactical gameplay. A Perception system solves this by creating rules for how an AI gathers information. It forces the AI to rely on simulated senses, meaning the player can use stealth, darkness, and sound to manipulate the AI's awareness, creating a more dynamic and fair challenge.\n""}","Zoning - Zoning is a macro-level management tool used in city-building and simulation games. Instead of placing individual buildings, the player designates large areas of land (zones) for a specific purpose, such as residential, commercial, or industrial development. The game's simulation engine then automatically populates these zones with appropriate buildings over time, provided certain conditions like power and road access are met.",0
"{'title': 'Omniscient enemy AI', 'description': ""An AI that always knows the player's location is uninteresting for stealth and tactical gameplay. A Perception system solves this by creating rules for how an AI gathers information. It forces the AI to rely on simulated senses, meaning the player can use stealth, darkness, and sound to manipulate the AI's awareness, creating a more dynamic and fair challenge.\n""}","Invisibility - Invisibility is a stealth-oriented mechanic that masks the player character from enemy sight, enabling strategic repositioning or bypassing encounters. The implementation can range from complete visual concealment to a partial ""predator-style"" shimmer, often achieved with distortion or fresnel shaders that bend light around the character model. This visual cue is a key balancing factor, as it allows highly attentive enemies to spot movement.  Beyond the visual aspect, invisibility systems are tightly integrated with the AI's sensory logic. Enemies might not see the player, but may still react to secondary stimuli like sound or environmental disturbances. Balancing is critical and typically involves limitations like a finite duration, a depletable energy pool, or the effect immediately breaking upon an aggressive action.",0
"{'title': 'Dynamic battlefield positioning', 'description': 'In a shooter without cover, combat can devolve into static ""run-and-gun"" scenarios. A Cover System introduces tactical positioning as a core pillar of combat. It breaks up sightlines and creates a battlefield with distinct safe and dangerous zones, forcing both the player and AI to constantly evaluate their position and maneuver for an advantage.\n'}","Cover System - A Cover System allows both players and AI characters to use environmental objects for protection during combat. It's a foundational mechanic in third-person shooters. The system typically involves a context-sensitive input to ""stick"" to cover, with additional actions for peeking out, blind-firing, and moving between adjacent cover points. For AI, it involves logic for identifying, pathfinding to, and utilizing cover positions effectively.",1
"{'title': 'Dynamic battlefield positioning', 'description': 'In a shooter without cover, combat can devolve into static ""run-and-gun"" scenarios. A Cover System introduces tactical positioning as a core pillar of combat. It breaks up sightlines and creates a battlefield with distinct safe and dangerous zones, forcing both the player and AI to constantly evaluate their position and maneuver for an advantage.\n'}","Non-linear Story - A Non-linear Story is a narrative structure where major plot points, quests, and story arcs can be completed in an order chosen by the player. Unlike a linear story that follows a fixed A->B->C sequence, a non-linear narrative presents multiple paths that can be pursued in parallel. These paths can converge or influence each other, and player choices can lead to significantly different outcomes.",0
"{'title': 'Dynamic battlefield positioning', 'description': 'In a shooter without cover, combat can devolve into static ""run-and-gun"" scenarios. A Cover System introduces tactical positioning as a core pillar of combat. It breaks up sightlines and creates a battlefield with distinct safe and dangerous zones, forcing both the player and AI to constantly evaluate their position and maneuver for an advantage.\n'}","Voice Commands - Voice Commands are an input method that allows players to control in-game actions by speaking into a microphone. This system uses speech recognition technology to parse player speech and map it to specific commands within the game's control scheme. It is often used as an alternative or supplement to traditional controller or keyboard inputs, allowing for hands-free control of certain actions, like commanding squad mates or navigating menus.",0
"{'title': 'Static difficulty curves', 'description': ""It's a major design challenge to create a single difficulty curve that is satisfying for all players. A static design is often too hard for some and too easy for others. An Adaptive AI solves this by creating a personalized difficulty curve for each playthrough, ensuring the game remains challenging and engaging regardless of player skill.\n""}","Adaptive AI - Adaptive AI, often managed by a system called an ""AI Director,"" dynamically adjusts game parameters in real-time based on player performance. It monitors metrics like player health, accuracy, and progression speed to alter enemy spawns, item placement, and encounter intensity. The goal is to create a tailored challenge that is consistently engaging, preventing the experience from becoming either too frustrating or too easy. This system works in the background to curate the player's experience on the fly.",1
"{'title': 'Static difficulty curves', 'description': ""It's a major design challenge to create a single difficulty curve that is satisfying for all players. A static design is often too hard for some and too easy for others. An Adaptive AI solves this by creating a personalized difficulty curve for each playthrough, ensuring the game remains challenging and engaging regardless of player skill.\n""}","Environmental Hazards - Environmental Hazards are elements of the game world that can inflict damage or a negative status effect on the player through proximity or contact. This can include natural hazards like pools of lava, deep water, or toxic gas vents, as well as man-made dangers like electrified floors, fields of radiation, or spinning blades.",0
"{'title': 'Static difficulty curves', 'description': ""It's a major design challenge to create a single difficulty curve that is satisfying for all players. A static design is often too hard for some and too easy for others. An Adaptive AI solves this by creating a personalized difficulty curve for each playthrough, ensuring the game remains challenging and engaging regardless of player skill.\n""}","Trade System - A Trade System is the set of rules and user interface elements that facilitates the direct exchange of items or currency between two or more parties, such as player-to-player or player-to-NPC. This can include simple two-player trading windows with an ""accept"" button to prevent scams, complex bartering systems with NPCs, or large-scale cargo hauling between different regions in a game world.",0
"{'title': 'Defensive stalemates', 'description': 'When both the player and an enemy have strong defensive options, combat can devolve into a stalemate where each party waits for the other to drop their guard. A Counter Attack breaks this deadlock. It directly rewards a successful defensive action with guaranteed damage, incentivizing players to actively engage with enemy attacks rather than simply waiting.\n'}","Counter Attack - A Counter Attack is a special move that can only be performed immediately after a successful defensive action, such as a block, dodge, or parry. It is a reactive mechanic that turns a defensive success directly into an offensive opportunity. The counter attack itself often has special properties, such as dealing extra damage, staggering the enemy, or having invincibility frames.",1
"{'title': 'Defensive stalemates', 'description': 'When both the player and an enemy have strong defensive options, combat can devolve into a stalemate where each party waits for the other to drop their guard. A Counter Attack breaks this deadlock. It directly rewards a successful defensive action with guaranteed damage, incentivizing players to actively engage with enemy attacks rather than simply waiting.\n'}","HUD - The Heads-Up Display (HUD) is the collection of persistent, on-screen user interface elements that display critical real-time game information to the player. This commonly includes a health bar, ammo count, a minimap, and current objectives. It is a non-diegetic overlay designed to give the player constant access to vital information without needing to pause the game or open a menu.",0
"{'title': 'Defensive stalemates', 'description': 'When both the player and an enemy have strong defensive options, combat can devolve into a stalemate where each party waits for the other to drop their guard. A Counter Attack breaks this deadlock. It directly rewards a successful defensive action with guaranteed damage, incentivizing players to actively engage with enemy attacks rather than simply waiting.\n'}","Combo Input - A Combo Input is a method, primarily in fighting games, that requires the player to perform a specific sequence of directional inputs and button presses within a strict timing window to execute a special move. This can range from simple quarter-circle motions (down, down-forward, forward + punch) to complex, multi-step chains of inputs that require significant muscle memory to perform consistently.",0
"{'title': 'One-note combat rhythm', 'description': 'If all attacks are instantaneous button presses, combat can devolve into a repetitive, button-mashing rhythm. Charge attacks solve this by introducing a new timing element. They create a risk-reward cadence of finding a safe moment to charge and timing the release, adding a layer of deliberate pacing to the fight.\n'}","Charge Attack - A Charge Attack is a combat action where the player holds down an input button to build up power, then releases it to unleash a more powerful version of an attack. The design is defined by the trade-off between the time spent charging (a window of vulnerability) and the increased damage, area of effect, or special properties (like breaking a guard) of the resulting attack.",1
"{'title': 'One-note combat rhythm', 'description': 'If all attacks are instantaneous button presses, combat can devolve into a repetitive, button-mashing rhythm. Charge attacks solve this by introducing a new timing element. They create a risk-reward cadence of finding a safe moment to charge and timing the release, adding a layer of deliberate pacing to the fight.\n'}","Voice Commands - Voice Commands are an input method that allows players to control in-game actions by speaking into a microphone. This system uses speech recognition technology to parse player speech and map it to specific commands within the game's control scheme. It is often used as an alternative or supplement to traditional controller or keyboard inputs, allowing for hands-free control of certain actions, like commanding squad mates or navigating menus.",0
"{'title': 'One-note combat rhythm', 'description': 'If all attacks are instantaneous button presses, combat can devolve into a repetitive, button-mashing rhythm. Charge attacks solve this by introducing a new timing element. They create a risk-reward cadence of finding a safe moment to charge and timing the release, adding a layer of deliberate pacing to the fight.\n'}","Supply and Demand - Supply and Demand is a simulation model where the prices of goods and services within a game economy are not fixed, but fluctuate dynamically. Prices are determined by their availability (supply) and the players' or NPCs' need for them (demand). High supply and low demand drive prices down, while low supply and high demand drive them up, creating a self-regulating market.",0
"{'title': 'Low skill ceilings', 'description': 'In a simple combat system where every button press has the same outcome, there is little to distinguish a new player from a veteran. A combo system solves this by creating a high skill ceiling. It provides a deep set of moves and sequences for dedicated players to learn and master, rewarding them with increased damage and stylish efficiency.\n'}","Combo System - A Combo System is a combat mechanic that allows and rewards players for chaining different attacks together in a fluid sequence. Rather than individual, disconnected button presses, the system recognizes specific sequences (e.g., Light-Light-Heavy) and executes a unique, powerful ""combo"" move as a result. These systems often feature a combo counter or style meter to track and reward performance.",1
"{'title': 'Low skill ceilings', 'description': 'In a simple combat system where every button press has the same outcome, there is little to distinguish a new player from a veteran. A combo system solves this by creating a high skill ceiling. It provides a deep set of moves and sequences for dedicated players to learn and master, rewarding them with increased damage and stylish efficiency.\n'}","Co-op Play - Cooperative (Co-op) Play is a mode that allows two or more players to experience a game's campaign or specific scenarios together, working towards a common goal against AI-controlled opponents (PvE). This contrasts with Player versus Player (PvP) modes, where players compete against each other.",0
"{'title': 'Low skill ceilings', 'description': 'In a simple combat system where every button press has the same outcome, there is little to distinguish a new player from a veteran. A combo system solves this by creating a high skill ceiling. It provides a deep set of moves and sequences for dedicated players to learn and master, rewarding them with increased damage and stylish efficiency.\n'}","Positional Audio - Positional Audio, often referred to as 3D audio or spatial sound, is an audio-processing technique that simulates how sound travels in a three-dimensional space. By manipulating volume, delay, and equalization based on a sound's source relative to the player (the ""listener""), the system allows players to accurately pinpoint the location and distance of in-game events based on sound alone. This requires headphones or a multi-speaker setup for the full effect.",0
"{'title': 'Dynamic battlefield positioning', 'description': 'In a shooter without cover, combat can devolve into static ""run-and-gun"" scenarios. A Cover Shooting system introduces tactical positioning as a core pillar of combat. It breaks up sightlines and creates a battlefield with distinct safe and dangerous zones, forcing players to constantly evaluate their position and maneuver for an advantage.\n'}","Cover Shooting - Cover Shooting is a combat style that merges a Cover System with ranged combat mechanics. It allows a character to ""stick"" to environmental objects for protection, and from that safe position, perform a variety of actions like peeking out to aim, firing blindly over the top, or moving to adjacent cover points. It is the defining mechanic of many modern third-person shooters.",1
"{'title': 'Dynamic battlefield positioning', 'description': 'In a shooter without cover, combat can devolve into static ""run-and-gun"" scenarios. A Cover Shooting system introduces tactical positioning as a core pillar of combat. It breaks up sightlines and creates a battlefield with distinct safe and dangerous zones, forcing players to constantly evaluate their position and maneuver for an advantage.\n'}","Inventory Management - Inventory Management is the system of rules and user interface that governs a player's ability to collect, store, and organize items. Key design pillars include inventory capacity (e.g., by weight, number of slots, or a grid system), sorting functionality, and the interface for equipping, using, or discarding items. It often functions as a puzzle or strategic layer in itself.",0
"{'title': 'Dynamic battlefield positioning', 'description': 'In a shooter without cover, combat can devolve into static ""run-and-gun"" scenarios. A Cover Shooting system introduces tactical positioning as a core pillar of combat. It breaks up sightlines and creates a battlefield with distinct safe and dangerous zones, forcing players to constantly evaluate their position and maneuver for an advantage.\n'}","Adaptive AI - Adaptive AI, often managed by a system called an ""AI Director,"" dynamically adjusts game parameters in real-time based on player performance. It monitors metrics like player health, accuracy, and progression speed to alter enemy spawns, item placement, and encounter intensity. The goal is to create a tailored challenge that is consistently engaging, preventing the experience from becoming either too frustrating or too easy. This system works in the background to curate the player's experience on the fly.",0
"{'title': 'Non-standard character actions', 'description': ""A game's core verbs (move, jump, attack) can't cover every unique action a cinematic combat beat might demand, like climbing a titan or tearing a monster's jaw open. Quick Time Combat is a simple way to connect these one-off actions to the game without building a massive, complex action set for a single encounter.\n""}","Quick Time Combat - Quick Time Combat is the specific application of Quick Time Events (QTEs) within a combat encounter, often as a finishing move or a way to handle a large, unique enemy. Instead of using the standard combat controls, the player is prompted with a series of timed button presses to execute a pre-scripted, cinematic combat animation. Success usually results in defeating the enemy, while failure may deal damage or reset the sequence.",1
"{'title': 'Non-standard character actions', 'description': ""A game's core verbs (move, jump, attack) can't cover every unique action a cinematic combat beat might demand, like climbing a titan or tearing a monster's jaw open. Quick Time Combat is a simple way to connect these one-off actions to the game without building a massive, complex action set for a single encounter.\n""}","Guild Systems - A Guild System is a formal, in-game organizational structure that allows a large number of players to form a persistent group, known as a ""guild,"" ""clan,"" or ""free company."" These systems typically include a shared chat channel, a member roster, a customizable rank structure, and often a shared bank or headquarters.",0
"{'title': 'Non-standard character actions', 'description': ""A game's core verbs (move, jump, attack) can't cover every unique action a cinematic combat beat might demand, like climbing a titan or tearing a monster's jaw open. Quick Time Combat is a simple way to connect these one-off actions to the game without building a massive, complex action set for a single encounter.\n""}","Workshop Integration - Workshop Integration is a system that directly integrates a centralized, user-friendly content distribution platform (like the Steam Workshop) into the game client or launcher. This allows players to easily browse, subscribe to, download, and manage mods and other user-generated content with a single click, automating what was once a complex, manual installation process.",0
"{'title': 'High barrier to entry for content creation', 'description': 'Traditional modding requires technical skill and external software, which is a high barrier for most players. In-game customization tools solve this by providing a user-friendly, integrated toolset. This empowers a much wider audience to create and personalize their experience, fostering a more engaged community.\n'}","Customization Tools - Customization Tools are developer-provided, in-game editors that allow players to create or modify game content without needing external software. These tools can range from deep character creators and vehicle livery editors to fully-featured level builders. They provide a user-friendly, integrated way for players to engage in content creation, effectively bringing the power of modding directly into the game client itself.",1
"{'title': 'High barrier to entry for content creation', 'description': 'Traditional modding requires technical skill and external software, which is a high barrier for most players. In-game customization tools solve this by providing a user-friendly, integrated toolset. This empowers a much wider audience to create and personalize their experience, fostering a more engaged community.\n'}","Shield - A Shield is a layer of damage mitigation that sits on top of a character's core health pool, designed to absorb damage before it becomes permanent. The most common implementation is a regenerating energy shield, defined by key design levers: its total capacity, the ""recharge delay"" (time required out of combat to recover), and the ""recharge rate."" A second type is a finite shield, like armor plating, that provides a non-regenerating block of protection.  Effective shield design requires clear player feedback, including distinct audio cues for shield versus health damage and a prominent ""shatter"" effect when it breaks. Advanced systems include ""shield gating,"" a critical mechanic where any amount of shield absorbs a full instance of damage to prevent one-shot kills.",0
"{'title': 'High barrier to entry for content creation', 'description': 'Traditional modding requires technical skill and external software, which is a high barrier for most players. In-game customization tools solve this by providing a user-friendly, integrated toolset. This empowers a much wider audience to create and personalize their experience, fostering a more engaged community.\n'}","Charge Attack - A Charge Attack is a combat action where the player holds down an input button to build up power, then releases it to unleash a more powerful version of an attack. The design is defined by the trade-off between the time spent charging (a window of vulnerability) and the increased damage, area of effect, or special properties (like breaking a guard) of the resulting attack.",0
"{'title': 'Complex and risky mod installation', 'description': ""It's a major barrier to entry when installing mods requires manually editing game files, risking conflicts or game instability. Workshop integration solves this. It provides a safe, simple, one-click installation process, making modding accessible to a non-technical audience and drastically growing the creative community.\n""}","Workshop Integration - Workshop Integration is a system that directly integrates a centralized, user-friendly content distribution platform (like the Steam Workshop) into the game client or launcher. This allows players to easily browse, subscribe to, download, and manage mods and other user-generated content with a single click, automating what was once a complex, manual installation process.",1
"{'title': 'Complex and risky mod installation', 'description': ""It's a major barrier to entry when installing mods requires manually editing game files, risking conflicts or game instability. Workshop integration solves this. It provides a safe, simple, one-click installation process, making modding accessible to a non-technical audience and drastically growing the creative community.\n""}","Recipe System - A Recipe System is a form of crafting where the player collects, learns, or buys specific ""recipes."" Once a recipe is known, the player can craft the corresponding item at any time, provided they have the required ingredients. This system abstracts the process of combination; the player does not need to remember specific patterns, but rather select the desired item from a list of known recipes.",0
"{'title': 'Complex and risky mod installation', 'description': ""It's a major barrier to entry when installing mods requires manually editing game files, risking conflicts or game instability. Workshop integration solves this. It provides a safe, simple, one-click installation process, making modding accessible to a non-technical audience and drastically growing the creative community.\n""}","Modular Crafting - Modular Crafting is a specific type of customization where items are composed of distinct, interchangeable parts or ""modules"" (e.g., a gun's barrel, stock, and scope). Players craft or find these individual modules and then combine them to create a final item with unique stats and behaviors derived from its components. This allows for a vast number of potential combinations from a relatively small set of parts.",0
"{'title': 'Finite game content', 'description': ""A development team can only create a finite amount of content, meaning a game will eventually run out of new things to see and do. Asset import solves this by empowering the community to create their own content. This can extend the lifespan of a game for years or even decades beyond the developer's direct support, creating a near-infinite content loop.\n""}","Asset Import - Asset Import is the functionality within a game or its accompanying toolset that allows users to add their own custom-made assetssuch as 3D models, sound effects, textures, and scriptsinto the game engine. This allows modders to create content that goes far beyond simple stat changes, introducing entirely new visuals and sounds to the game. It is the foundation of most significant modding scenes.",1
"{'title': 'Finite game content', 'description': ""A development team can only create a finite amount of content, meaning a game will eventually run out of new things to see and do. Asset import solves this by empowering the community to create their own content. This can extend the lifespan of a game for years or even decades beyond the developer's direct support, creating a near-infinite content loop.\n""}","First-Person View - First-Person View is a camera perspective where the viewpoint is placed within the character's head, showing the game world from their eyes. The player character's body is typically not rendered, with the exception of their hands, arms, and any held items like weapons or tools. This perspective offers a direct, unfiltered view of the game world, prioritizing immersion and direct aiming.",0
"{'title': 'Finite game content', 'description': ""A development team can only create a finite amount of content, meaning a game will eventually run out of new things to see and do. Asset import solves this by empowering the community to create their own content. This can extend the lifespan of a game for years or even decades beyond the developer's direct support, creating a near-infinite content loop.\n""}","Skill Trees - A Skill Tree is a visual representation of a character's progression path, where skills and abilities are laid out in a branching, tree-like structure. Players spend points (often earned by leveling up) to unlock nodes on the tree. More powerful abilities are typically located further down a branch, requiring investment in prerequisite, lower-tier skills to reach them.",0
"{'title': 'Fixed gameplay systems', 'description': ""It's a design limitation that a game's core mechanics are typically fixed and can't be altered by the player. Script extensibility solves this by giving the modding community direct access to the game's logic. This allows for the creation of entirely new gameplay systems that the original developers never envisioned, dramatically increasing the game's depth and longevity.\n""}","Script Extensibility - Script Extensibility is the capacity for a game's engine to be modified by user-created scripts. This is often enabled through an exposed Application Programming Interface (API) or a dedicated scripting language (like Lua or Papyrus). This allows modders to go beyond simple asset swaps and fundamentally alter or add new gameplay logic, AI behaviors, and complex mechanics that were not present in the original game.",1
"{'title': 'Fixed gameplay systems', 'description': ""It's a design limitation that a game's core mechanics are typically fixed and can't be altered by the player. Script extensibility solves this by giving the modding community direct access to the game's logic. This allows for the creation of entirely new gameplay systems that the original developers never envisioned, dramatically increasing the game's depth and longevity.\n""}","Critical Hits - A Critical Hit, or ""crit,"" is a combat mechanic where, based on a random chance (a ""crit rate"" percentage), an attack will deal a significantly increased amount of damage. The damage multiplier (e.g., 200%) and the chance to trigger a crit are often key stats that can be improved by a character's attributes or gear.",0
"{'title': 'Fixed gameplay systems', 'description': ""It's a design limitation that a game's core mechanics are typically fixed and can't be altered by the player. Script extensibility solves this by giving the modding community direct access to the game's logic. This allows for the creation of entirely new gameplay systems that the original developers never envisioned, dramatically increasing the game's depth and longevity.\n""}","Inventory Management - Inventory Management is the system of rules and user interface that governs a player's ability to collect, store, and organize items. Key design pillars include inventory capacity (e.g., by weight, number of slots, or a grid system), sorting functionality, and the interface for equipping, using, or discarding items. It often functions as a puzzle or strategic layer in itself.",0
"{'title': 'Finite game content', 'description': 'A development team can only create a finite number of levels or quests. A user-generated content system solves this by outsourcing content creation to the entire player base. This creates a near-infinite stream of new experiences, keeping the game fresh and extending its lifespan long after players have completed the official content.\n'}","User-Generated Content - User-Generated Content (UGC) is a broad category for mechanics that allow players to create content (like levels, quests, or characters) using in-game tools and then share that content with other players through a centralized, integrated service. The focus is on providing a seamless loop of creating, sharing, and playing community-made content, all within the game itself.",1
"{'title': 'Finite game content', 'description': 'A development team can only create a finite number of levels or quests. A user-generated content system solves this by outsourcing content creation to the entire player base. This creates a near-infinite stream of new experiences, keeping the game fresh and extending its lifespan long after players have completed the official content.\n'}","Open World - Open World is a design philosophy for game worlds that emphasizes a large, seamless or near-seamless space with a high degree of player freedom. Unlike linear games that guide the player through a set sequence of levels, an open world allows the player to choose where to go and which activities to pursue, with quests and content spread non-linearly across the map.",0
"{'title': 'Finite game content', 'description': 'A development team can only create a finite number of levels or quests. A user-generated content system solves this by outsourcing content creation to the entire player base. This creates a near-infinite stream of new experiences, keeping the game fresh and extending its lifespan long after players have completed the official content.\n'}","Charge Attack - A Charge Attack is a combat action where the player holds down an input button to build up power, then releases it to unleash a more powerful version of an attack. The design is defined by the trade-off between the time spent charging (a window of vulnerability) and the increased damage, area of effect, or special properties (like breaking a guard) of the resulting attack.",0
"{'title': 'Disposable gear', 'description': 'In many loot-based games, players are constantly finding new gear that makes their old, favorite items obsolete. A system of dedicated upgrade resources solves this. It allows a player to keep their preferred weapon or armor relevant by continually investing rare materials into it, fostering a stronger attachment to their equipment.\n'}","Upgrade Resources - Upgrade Resources are a specific category of non-crafting materials whose sole purpose is to be spent to enhance existing items or abilities. These materials are often rare, non-interchangeable, and tied to specific end-game activities, acting as a primary driver for long-term player progression and investment in their gear.",1
"{'title': 'Disposable gear', 'description': 'In many loot-based games, players are constantly finding new gear that makes their old, favorite items obsolete. A system of dedicated upgrade resources solves this. It allows a player to keep their preferred weapon or armor relevant by continually investing rare materials into it, fostering a stronger attachment to their equipment.\n'}","Voice Commands - Voice Commands are an input method that allows players to control in-game actions by speaking into a microphone. This system uses speech recognition technology to parse player speech and map it to specific commands within the game's control scheme. It is often used as an alternative or supplement to traditional controller or keyboard inputs, allowing for hands-free control of certain actions, like commanding squad mates or navigating menus.",0
"{'title': 'Disposable gear', 'description': 'In many loot-based games, players are constantly finding new gear that makes their old, favorite items obsolete. A system of dedicated upgrade resources solves this. It allows a player to keep their preferred weapon or armor relevant by continually investing rare materials into it, fostering a stronger attachment to their equipment.\n'}","Friend Lists - A Friend List is a social feature that allows players to save other players' accounts to a persistent, cross-session list for easy access. This interface typically shows the online status of friends and provides shortcuts for inviting them to a party, sending private messages, or joining their game session directly.",0
"{'title': 'Meaningless world collectibles', 'description': ""In many games, the world is full of junk items that serve no purpose. A system of crafting materials solves this by giving dozens or hundreds of different world items a tangible value. A simple flower is no longer just a prop; it's a key ingredient for a potion, which encourages exploration and resource gathering.\n""}","Crafting Materials - Crafting Materials are a category of items whose sole purpose is to be consumed in a crafting recipe to produce another item. These materials, such as ore, wood, leather, or herbs, are gathered from the game world and form the fundamental building blocks of the in-game economy and player-driven production. They typically have no use on their own and exist only to be transformed.",1
"{'title': 'Meaningless world collectibles', 'description': ""In many games, the world is full of junk items that serve no purpose. A system of crafting materials solves this by giving dozens or hundreds of different world items a tangible value. A simple flower is no longer just a prop; it's a key ingredient for a potion, which encourages exploration and resource gathering.\n""}","Cover Shooting - Cover Shooting is a combat style that merges a Cover System with ranged combat mechanics. It allows a character to ""stick"" to environmental objects for protection, and from that safe position, perform a variety of actions like peeking out to aim, firing blindly over the top, or moving to adjacent cover points. It is the defining mechanic of many modern third-person shooters.",0
"{'title': 'Meaningless world collectibles', 'description': ""In many games, the world is full of junk items that serve no purpose. A system of crafting materials solves this by giving dozens or hundreds of different world items a tangible value. A simple flower is no longer just a prop; it's a key ingredient for a potion, which encourages exploration and resource gathering.\n""}","Lock-On - A Lock-On is a camera and targeting system that, when activated by the player on a specific enemy, forces the game camera to remain focused on that target. Player movement and attacks then become relative to the locked-on enemy (e.g., pushing left on the stick strafes around the enemy). It is a foundational mechanic for readable, one-on-one combat in a 3D space.",0
"{'title': 'Disconnected crafting and exploration', 'description': 'A crafting system can feel abstract if materials are just bought from a shop. Resource gathering solves this by directly linking crafting to world exploration. It creates a core gameplay loop where players must actively explore the environment to acquire the materials they need to progress, making the world itself a valuable resource.\n'}","Resource Gathering - Resource Gathering is the set of actions players perform to acquire raw materials directly from the game world. This is the primary input, or ""faucet,"" for most crafting and building systems. The mechanic can range from a simple, instantaneous action on a resource ""node"" (e.g., mining an ore vein) to a complex minigame (e.g., fishing).",1
"{'title': 'Disconnected crafting and exploration', 'description': 'A crafting system can feel abstract if materials are just bought from a shop. Resource gathering solves this by directly linking crafting to world exploration. It creates a core gameplay loop where players must actively explore the environment to acquire the materials they need to progress, making the world itself a valuable resource.\n'}","Day-Night Cycle - A Day-Night Cycle is a system that simulates the passage of time in the game world, typically with a continuously moving sun and moon, changing skyboxes, and dynamic global lighting. This cycle is often tied directly to gameplay systems, with different NPCs, enemies, quests, or resource availability being tied to a specific time of day.",0
"{'title': 'Disconnected crafting and exploration', 'description': 'A crafting system can feel abstract if materials are just bought from a shop. Resource gathering solves this by directly linking crafting to world exploration. It creates a core gameplay loop where players must actively explore the environment to acquire the materials they need to progress, making the world itself a valuable resource.\n'}","Customization - Customization refers to systems that allow players to alter the aesthetic appearance or statistical properties of their characters, equipment, or vehicles. This can range from simple color changes to deep, modular systems where individual components are swapped out. The goal is to provide players with a means of personal expression and/or strategic differentiation.",0
"{'title': 'Runaway inflation or deflation', 'description': ""It's a major design challenge in persistent games that if too much currency enters the system, it becomes worthless (inflation), or if it's too scarce, trade grinds to a halt. Careful economy balancing solves this. By managing the rates at which currency is earned and spent, designers can maintain a stable economy where progression feels rewarding and items retain their value.\n""}","Economy Balancing - Economy Balancing is not a single mechanic, but the high-level design process of managing the flow of all resources and currency within a game. This involves tuning ""faucets"" (how resources are generated), ""drains"" or ""sinks"" (how resources are removed), and costs to ensure a stable, engaging, and unexploitable economic system for the player over the lifetime of the game.",1
"{'title': 'Runaway inflation or deflation', 'description': ""It's a major design challenge in persistent games that if too much currency enters the system, it becomes worthless (inflation), or if it's too scarce, trade grinds to a halt. Careful economy balancing solves this. By managing the rates at which currency is earned and spent, designers can maintain a stable economy where progression feels rewarding and items retain their value.\n""}","Fluid Dynamics - Fluid Dynamics is a complex physics simulation that models the properties of liquids, such as viscosity, flow, and buoyancy. This allows water and other fluids in the game to react realistically to forces like explosions, moving objects, and player interaction. This goes beyond simple, static water planes and simulates a fluid's volume and movement.",0
"{'title': 'Runaway inflation or deflation', 'description': ""It's a major design challenge in persistent games that if too much currency enters the system, it becomes worthless (inflation), or if it's too scarce, trade grinds to a halt. Careful economy balancing solves this. By managing the rates at which currency is earned and spent, designers can maintain a stable economy where progression feels rewarding and items retain their value.\n""}","Friend Lists - A Friend List is a social feature that allows players to save other players' accounts to a persistent, cross-session list for easy access. This interface typically shows the online status of friends and provides shortcuts for inviting them to a party, sending private messages, or joining their game session directly.",0
"{'title': 'Consequence-free hoarding', 'description': 'If a player can carry an infinite number of items, there are no meaningful choices about what to keep. A limited inventory solves this. It forces the player to make strategic decisions about what to carry and what to leave behind, turning resource management into a core gameplay challenge, especially in survival games.\n'}","Inventory Management - Inventory Management is the system of rules and user interface that governs a player's ability to collect, store, and organize items. Key design pillars include inventory capacity (e.g., by weight, number of slots, or a grid system), sorting functionality, and the interface for equipping, using, or discarding items. It often functions as a puzzle or strategic layer in itself.",1
"{'title': 'Consequence-free hoarding', 'description': 'If a player can carry an infinite number of items, there are no meaningful choices about what to keep. A limited inventory solves this. It forces the player to make strategic decisions about what to carry and what to leave behind, turning resource management into a core gameplay challenge, especially in survival games.\n'}","Fluid Dynamics - Fluid Dynamics is a complex physics simulation that models the properties of liquids, such as viscosity, flow, and buoyancy. This allows water and other fluids in the game to react realistically to forces like explosions, moving objects, and player interaction. This goes beyond simple, static water planes and simulates a fluid's volume and movement.",0
"{'title': 'Consequence-free hoarding', 'description': 'If a player can carry an infinite number of items, there are no meaningful choices about what to keep. A limited inventory solves this. It forces the player to make strategic decisions about what to carry and what to leave behind, turning resource management into a core gameplay challenge, especially in survival games.\n'}","Dynamic Tooltips - A Dynamic Tooltip is an information-rich popup that appears when the player hovers their cursor over a UI element, such as an item in their inventory or an ability on their hotbar. These tooltips are ""dynamic"" because they update in real-time to reflect how an item's stats would change based on the player's current attributes, buffs, or even a comparison with their currently equipped gear.",0
"{'title': 'Fragmented player base', 'description': 'In a large game world, the player base can be spread so thin that the world feels empty, even with thousands of players online. A social hub solves this. By concentrating players in one central location, it creates a bustling, lively area that makes the game feel populated and provides a natural space for players to meet and form groups.\n'}","Social Hubs - A Social Hub is a specific, often non-combat area within a game world designated as a central meeting place for players. These hubs are intentionally designed to encourage social interaction and typically contain key vendors, quest givers, banks, and other essential services, ensuring a high volume of player traffic.",1
"{'title': 'Fragmented player base', 'description': 'In a large game world, the player base can be spread so thin that the world feels empty, even with thousands of players online. A social hub solves this. By concentrating players in one central location, it creates a bustling, lively area that makes the game feel populated and provides a natural space for players to meet and form groups.\n'}","Dynamic Tooltips - A Dynamic Tooltip is an information-rich popup that appears when the player hovers their cursor over a UI element, such as an item in their inventory or an ability on their hotbar. These tooltips are ""dynamic"" because they update in real-time to reflect how an item's stats would change based on the player's current attributes, buffs, or even a comparison with their currently equipped gear.",0
"{'title': 'Fragmented player base', 'description': 'In a large game world, the player base can be spread so thin that the world feels empty, even with thousands of players online. A social hub solves this. By concentrating players in one central location, it creates a bustling, lively area that makes the game feel populated and provides a natural space for players to meet and form groups.\n'}","Perk System - A Perk System is a progression system where players can unlock specific, named abilities or passive bonuses (""perks"") that provide unique gameplay advantages. Unlike simple stat increases from leveling up, perks often grant new capabilities (e.g., ""pick any lock"") or significantly alter existing ones (e.g., ""pistols now fire in a burst""). They are the primary tool for creating distinct character builds.",0
"{'title': 'Lack of basic communication tools', 'description': 'Without a way to communicate, multiplayer games are just a collection of individuals acting alone. In-game chat is the foundational tool that enables all forms of social interaction and strategic coordination. It allows players to ask for help, give instructions, or simply socialize, turning a solo experience into a multiplayer one.\n'}","In-Game Chat - An In-Game Chat is a user interface that allows for real-time text-based communication between players in the same game session or channel. It typically includes different channels for various groups, such as local area ('say'), team, party or group, and private messages ('whispers'). It is a foundational feature of most multiplayer PC games.",1
"{'title': 'Lack of basic communication tools', 'description': 'Without a way to communicate, multiplayer games are just a collection of individuals acting alone. In-game chat is the foundational tool that enables all forms of social interaction and strategic coordination. It allows players to ask for help, give instructions, or simply socialize, turning a solo experience into a multiplayer one.\n'}","Wall Run - A Wall Run is a parkour-style movement mechanic that allows the player character to run horizontally or vertically along flat surfaces for a limited time or distance. It is an advanced traversal technique that uses the environment itself as part of the player's path, often requiring a running start and allowing for chained movements with jumps or other abilities.",0
"{'title': 'Lack of basic communication tools', 'description': 'Without a way to communicate, multiplayer games are just a collection of individuals acting alone. In-game chat is the foundational tool that enables all forms of social interaction and strategic coordination. It allows players to ask for help, give instructions, or simply socialize, turning a solo experience into a multiplayer one.\n'}","Shield - A Shield is a layer of damage mitigation that sits on top of a character's core health pool, designed to absorb damage before it becomes permanent. The most common implementation is a regenerating energy shield, defined by key design levers: its total capacity, the ""recharge delay"" (time required out of combat to recover), and the ""recharge rate."" A second type is a finite shield, like armor plating, that provides a non-regenerating block of protection.  Effective shield design requires clear player feedback, including distinct audio cues for shield versus health damage and a prominent ""shatter"" effect when it breaks. Advanced systems include ""shield gating,"" a critical mechanic where any amount of shield absorbs a full instance of damage to prevent one-shot kills.",0
"{'title': 'Limited player interaction', 'description': 'In many multiplayer games, player interactions are limited to either cooperation in combat or competition. Player trading solves this by creating a non-combat, mutually beneficial social interaction. It fosters a different kind of community engagement, built around economics, negotiation, and generosity.\n'}","Player Trading - Player Trading is the set of rules and user interface that facilitates the direct, synchronous exchange of items or currency between two players. This typically involves a secure trading window where both parties must place their offered items and then confirm the exchange before it is finalized. This secure process is designed to prevent scams and ensure a fair transaction.",1
"{'title': 'Limited player interaction', 'description': 'In many multiplayer games, player interactions are limited to either cooperation in combat or competition. Player trading solves this by creating a non-combat, mutually beneficial social interaction. It fosters a different kind of community engagement, built around economics, negotiation, and generosity.\n'}","Positional Audio - Positional Audio, often referred to as 3D audio or spatial sound, is an audio-processing technique that simulates how sound travels in a three-dimensional space. By manipulating volume, delay, and equalization based on a sound's source relative to the player (the ""listener""), the system allows players to accurately pinpoint the location and distance of in-game events based on sound alone. This requires headphones or a multi-speaker setup for the full effect.",0
"{'title': 'Limited player interaction', 'description': 'In many multiplayer games, player interactions are limited to either cooperation in combat or competition. Player trading solves this by creating a non-combat, mutually beneficial social interaction. It fosters a different kind of community engagement, built around economics, negotiation, and generosity.\n'}","Realistic Collision - Realistic Collision is a physics system that accurately simulates the transfer of forces and the resulting deformation and damage when two or more objects collide. This goes beyond simple ""bounding box"" collisions, where objects just bounce off each other. Instead, it models how materials bend, shatter, and break apart in a physically plausible manner, often using a ""soft-body"" physics engine.",0
"{'title': 'Lack of long-term social structure', 'description': ""It's a design challenge to keep large groups of players organized and engaged toward a common, long-term goal. Guild systems solve this by providing a formal structure for community. They are the primary tool for organizing large-scale, end-game activities like raids and foster long-term social bonds that keep players invested in the game.\n""}","Guild Systems - A Guild System is a formal, in-game organizational structure that allows a large number of players to form a persistent group, known as a ""guild,"" ""clan,"" or ""free company."" These systems typically include a shared chat channel, a member roster, a customizable rank structure, and often a shared bank or headquarters.",1
"{'title': 'Lack of long-term social structure', 'description': ""It's a design challenge to keep large groups of players organized and engaged toward a common, long-term goal. Guild systems solve this by providing a formal structure for community. They are the primary tool for organizing large-scale, end-game activities like raids and foster long-term social bonds that keep players invested in the game.\n""}","Supply and Demand - Supply and Demand is a simulation model where the prices of goods and services within a game economy are not fixed, but fluctuate dynamically. Prices are determined by their availability (supply) and the players' or NPCs' need for them (demand). High supply and low demand drive prices down, while low supply and high demand drive them up, creating a self-regulating market.",0
"{'title': 'Lack of long-term social structure', 'description': ""It's a design challenge to keep large groups of players organized and engaged toward a common, long-term goal. Guild systems solve this by providing a formal structure for community. They are the primary tool for organizing large-scale, end-game activities like raids and foster long-term social bonds that keep players invested in the game.\n""}","Modular Crafting - Modular Crafting is a specific type of customization where items are composed of distinct, interchangeable parts or ""modules"" (e.g., a gun's barrel, stock, and scope). Players craft or find these individual modules and then combine them to create a final item with unique stats and behaviors derived from its components. This allows for a vast number of potential combinations from a relatively small set of parts.",0
"{'title': 'Difficulty in reconnecting with players', 'description': ""In online games, it's a challenge for players to find and reconnect with people they enjoyed playing with in a sea of random usernames. A friend list solves this. It provides a simple, persistent tool for players to build their own social networks, making it easy to form groups and fostering a sense of community.\n""}","Friend Lists - A Friend List is a social feature that allows players to save other players' accounts to a persistent, cross-session list for easy access. This interface typically shows the online status of friends and provides shortcuts for inviting them to a party, sending private messages, or joining their game session directly.",1
"{'title': 'Difficulty in reconnecting with players', 'description': ""In online games, it's a challenge for players to find and reconnect with people they enjoyed playing with in a sea of random usernames. A friend list solves this. It provides a simple, persistent tool for players to build their own social networks, making it easy to form groups and fostering a sense of community.\n""}","Quick Time Combat - Quick Time Combat is the specific application of Quick Time Events (QTEs) within a combat encounter, often as a finishing move or a way to handle a large, unique enemy. Instead of using the standard combat controls, the player is prompted with a series of timed button presses to execute a pre-scripted, cinematic combat animation. Success usually results in defeating the enemy, while failure may deal damage or reset the sequence.",0
"{'title': 'Difficulty in reconnecting with players', 'description': ""In online games, it's a challenge for players to find and reconnect with people they enjoyed playing with in a sea of random usernames. A friend list solves this. It provides a simple, persistent tool for players to build their own social networks, making it easy to form groups and fostering a sense of community.\n""}","Leveling Up - Leveling Up is a core RPG progression system where a player character earns Experience Points (XP) for completing tasks. Upon reaching a certain XP threshold, the character's ""Level"" increases. This typically grants an automatic increase in base statistics (like health and damage) and often awards points to spend in other systems, like Skill Trees or perks.",0
"{'title': 'Overwhelming the new player', 'description': ""Dropping a new player into a massive open world can be paralyzing and confusing. Map expansion solves this by curating the early-game experience. It guides the player through a smaller, more focused starting area, gradually revealing the full scale of the world as the player becomes more familiar with the game's mechanics.\n""}","Map Expansion - Map Expansion is a narrative and world-design technique where sections of the game map are initially inaccessible to the player and are unlocked as they reach certain milestones in the story or progression. This is often represented by a ""fog of war"" that gets cleared, but can also be a literal barrier that is removed, revealing a new region of the world.",1
"{'title': 'Overwhelming the new player', 'description': ""Dropping a new player into a massive open world can be paralyzing and confusing. Map expansion solves this by curating the early-game experience. It guides the player through a smaller, more focused starting area, gradually revealing the full scale of the world as the player becomes more familiar with the game's mechanics.\n""}","Player Trading - Player Trading is the set of rules and user interface that facilitates the direct, synchronous exchange of items or currency between two players. This typically involves a secure trading window where both parties must place their offered items and then confirm the exchange before it is finalized. This secure process is designed to prevent scams and ensure a fair transaction.",0
"{'title': 'Overwhelming the new player', 'description': ""Dropping a new player into a massive open world can be paralyzing and confusing. Map expansion solves this by curating the early-game experience. It guides the player through a smaller, more focused starting area, gradually revealing the full scale of the world as the player becomes more familiar with the game's mechanics.\n""}","Lock-On - A Lock-On is a camera and targeting system that, when activated by the player on a specific enemy, forces the game camera to remain focused on that target. Player movement and attacks then become relative to the locked-on enemy (e.g., pushing left on the stick strafes around the enemy). It is a foundational mechanic for readable, one-on-one combat in a 3D space.",0
"{'title': 'Excessive backtracking', 'description': ""It's a design challenge in large worlds: sending a player back and forth across a map they've already explored is tedious and pads game time. Fast travel solves this. It respects the player's time by eliminating the tedium of repeat journeys, allowing them to focus on new content and objectives.\n""}","Fast Travel - Fast Travel is a quality-of-life mechanic that allows players to instantly teleport between previously discovered, pre-determined points on the game map. This system bypasses the normal traversal gameplay, allowing players to move across large distances without spending time running or driving. It is a key feature for reducing friction in large open-world games.",1
"{'title': 'Excessive backtracking', 'description': ""It's a design challenge in large worlds: sending a player back and forth across a map they've already explored is tedious and pads game time. Fast travel solves this. It respects the player's time by eliminating the tedium of repeat journeys, allowing them to focus on new content and objectives.\n""}","Motion Controls - Motion Controls are a control scheme where the physical movement of the controller itselftilting, swinging, pointing, and shakingis translated into in-game actions. This is typically achieved through accelerometers and gyroscopes embedded within the controller that report its orientation and movement in 3D space.",0
"{'title': 'Excessive backtracking', 'description': ""It's a design challenge in large worlds: sending a player back and forth across a map they've already explored is tedious and pads game time. Fast travel solves this. It respects the player's time by eliminating the tedium of repeat journeys, allowing them to focus on new content and objectives.\n""}","Supply and Demand - Supply and Demand is a simulation model where the prices of goods and services within a game economy are not fixed, but fluctuate dynamically. Prices are determined by their availability (supply) and the players' or NPCs' need for them (demand). High supply and low demand drive prices down, while low supply and high demand drive them up, creating a self-regulating market.",0
"{'title': 'Restrictive linear progression', 'description': 'A strictly linear game can feel restrictive and offer low replayability, as every player has the exact same experience. An open-world design solves this by prioritizing player agency. It provides a sandbox of systems and locations that allows for emergent gameplay and a unique, player-driven narrative path.\n'}","Open World - Open World is a design philosophy for game worlds that emphasizes a large, seamless or near-seamless space with a high degree of player freedom. Unlike linear games that guide the player through a set sequence of levels, an open world allows the player to choose where to go and which activities to pursue, with quests and content spread non-linearly across the map.",1
"{'title': 'Restrictive linear progression', 'description': 'A strictly linear game can feel restrictive and offer low replayability, as every player has the exact same experience. An open-world design solves this by prioritizing player agency. It provides a sandbox of systems and locations that allows for emergent gameplay and a unique, player-driven narrative path.\n'}","Defensive Fortification - Defensive Fortification is a subset of building mechanics focused entirely on creating structures that mitigate damage, control enemy movement, or act as automated weapon platforms. This includes building walls, placing turrets, laying traps, and creating chokepoints. Unlike general base building, these constructions are purely functional and are built in direct anticipation of a hostile threat.",0
"{'title': 'Restrictive linear progression', 'description': 'A strictly linear game can feel restrictive and offer low replayability, as every player has the exact same experience. An open-world design solves this by prioritizing player agency. It provides a sandbox of systems and locations that allows for emergent gameplay and a unique, player-driven narrative path.\n'}","In-Game Chat - An In-Game Chat is a user interface that allows for real-time text-based communication between players in the same game session or channel. It typically includes different channels for various groups, such as local area ('say'), team, party or group, and private messages ('whispers'). It is a foundational feature of most multiplayer PC games.",0
"{'title': 'Unmotivated exploration', 'description': ""A large, open world is just empty space if there's no reason to visit it. A discovery system solves this by explicitly rewarding the act of exploration. By tying progression, resources, or narrative to finding new things, it gives players a clear motivation to travel off the beaten path and engage with the world's content.\n""}","Discovery - Discovery is the overarching system of rewarding players for the act of exploring the game world. This is not just about finding new locations, but often involves mechanics like scanning flora and fauna, charting star systems, or finding lore items that fill out a codex or journal. The system provides tangible rewards and progression for player curiosity.",1
"{'title': 'Unmotivated exploration', 'description': ""A large, open world is just empty space if there's no reason to visit it. A discovery system solves this by explicitly rewarding the act of exploration. By tying progression, resources, or narrative to finding new things, it gives players a clear motivation to travel off the beaten path and engage with the world's content.\n""}","Map Expansion - Map Expansion is a narrative and world-design technique where sections of the game map are initially inaccessible to the player and are unlocked as they reach certain milestones in the story or progression. This is often represented by a ""fog of war"" that gets cleared, but can also be a literal barrier that is removed, revealing a new region of the world.",0
"{'title': 'Unmotivated exploration', 'description': ""A large, open world is just empty space if there's no reason to visit it. A discovery system solves this by explicitly rewarding the act of exploration. By tying progression, resources, or narrative to finding new things, it gives players a clear motivation to travel off the beaten path and engage with the world's content.\n""}","Blueprints - A Blueprint is a system that saves a structure's layout, either as a pre-designed template from the developer or as a player-created design. This saved data is then used to project a ""ghost"" image of the structure into the world. Players can then either automatically build the structure by providing the required resources, or use the projection as a guide for manual construction.",0
"{'title': 'Min-maxing player behavior', 'description': ""Players will often follow the 'path of least resistance,' only going where quests and map markers direct them. Secret areas solve this by rewarding curiosity. By hiding valuable content off the main path, it encourages players to slow down, observe their surroundings, and experiment with the game's mechanics in ways they otherwise wouldn't.\n""}","Secret Areas - Secret Areas are hidden locations within the game world that are not marked on the map and often require keen observation or unconventional use of game mechanics to find. These areas typically contain valuable loot, unique encounters, or narrative easter eggs as a reward for thorough exploration. They are intentionally placed off the main path to reward player curiosity.",1
"{'title': 'Min-maxing player behavior', 'description': ""Players will often follow the 'path of least resistance,' only going where quests and map markers direct them. Secret areas solve this by rewarding curiosity. By hiding valuable content off the main path, it encourages players to slow down, observe their surroundings, and experiment with the game's mechanics in ways they otherwise wouldn't.\n""}","Resource Gathering - Resource Gathering is the set of actions players perform to acquire raw materials directly from the game world. This is the primary input, or ""faucet,"" for most crafting and building systems. The mechanic can range from a simple, instantaneous action on a resource ""node"" (e.g., mining an ore vein) to a complex minigame (e.g., fishing).",0
"{'title': 'Min-maxing player behavior', 'description': ""Players will often follow the 'path of least resistance,' only going where quests and map markers direct them. Secret areas solve this by rewarding curiosity. By hiding valuable content off the main path, it encourages players to slow down, observe their surroundings, and experiment with the game's mechanics in ways they otherwise wouldn't.\n""}","Charge Attack - A Charge Attack is a combat action where the player holds down an input button to build up power, then releases it to unleash a more powerful version of an attack. The design is defined by the trade-off between the time spent charging (a window of vulnerability) and the increased damage, area of effect, or special properties (like breaking a guard) of the resulting attack.",0
"{'title': 'Defensive stalemates', 'description': 'When both the player and an enemy have strong defensive options, combat can devolve into a stalemate where each party waits for the other to drop their guard. A Parry mechanic breaks this deadlock. It introduces a high-risk, timing-based option that defeats a standard block or attack, instantly turning a defensive situation into a decisive offensive advantage.\n'}","Parry - A Parry is a high-skill defensive action that deflects an incoming attack if timed correctly within a very brief active window. Unlike a block, which mitigates damage, a successful parry typically negates all damage and immediately puts the attacker into a vulnerable 'stagger' or 'riposte' state. This creates a massive opening for a counter-attack, making it the ultimate risk-versus-reward defensive maneuver.  The risk is absolute: missing the parry window leaves the player completely open to taking full damage. To ensure fairness, designers often include specific 'unparryable' attacks, telegraphed with a unique visual cue, which force the player to rely on other defensive options.",1
"{'title': 'Defensive stalemates', 'description': 'When both the player and an enemy have strong defensive options, combat can devolve into a stalemate where each party waits for the other to drop their guard. A Parry mechanic breaks this deadlock. It introduces a high-risk, timing-based option that defeats a standard block or attack, instantly turning a defensive situation into a decisive offensive advantage.\n'}","Guild Systems - A Guild System is a formal, in-game organizational structure that allows a large number of players to form a persistent group, known as a ""guild,"" ""clan,"" or ""free company."" These systems typically include a shared chat channel, a member roster, a customizable rank structure, and often a shared bank or headquarters.",0
"{'title': 'Defensive stalemates', 'description': 'When both the player and an enemy have strong defensive options, combat can devolve into a stalemate where each party waits for the other to drop their guard. A Parry mechanic breaks this deadlock. It introduces a high-risk, timing-based option that defeats a standard block or attack, instantly turning a defensive situation into a decisive offensive advantage.\n'}","Dynamic Tooltips - A Dynamic Tooltip is an information-rich popup that appears when the player hovers their cursor over a UI element, such as an item in their inventory or an ability on their hotbar. These tooltips are ""dynamic"" because they update in real-time to reflect how an item's stats would change based on the player's current attributes, buffs, or even a comparison with their currently equipped gear.",0
"{'title': 'Confined space combat', 'description': ""It's a challenge to design combat in tight spaces like hallways, as the player's ability to dodge is severely limited by the environment. The Block action solves this by providing a defense that requires no lateral or backward movement. It enables players to manage threats head-on in confined spaces, making hallway ambushes a viable design.\n""}","Block - Block is a defensive action that mitigates or nullifies incoming damage, typically from a frontal arc. Its implementation is defined by its resource costalmost always Stamina or a hidden 'poise' value. Sustaining hits on a block consumes this resource, and depleting it results in a 'Guard Break,' a state of vulnerability that punishes passive over-reliance on the mechanic.  The effectiveness of a block (damage reduction, stability) is determined by the equipment used, such as a heavy shield versus a weapon. Combat systems often include 'unblockable' attacks to ensure players must utilize other defensive options, adding a layer to the combat puzzle.",1
"{'title': 'Confined space combat', 'description': ""It's a challenge to design combat in tight spaces like hallways, as the player's ability to dodge is severely limited by the environment. The Block action solves this by providing a defense that requires no lateral or backward movement. It enables players to manage threats head-on in confined spaces, making hallway ambushes a viable design.\n""}","Cover System - A Cover System allows both players and AI characters to use environmental objects for protection during combat. It's a foundational mechanic in third-person shooters. The system typically involves a context-sensitive input to ""stick"" to cover, with additional actions for peeking out, blind-firing, and moving between adjacent cover points. For AI, it involves logic for identifying, pathfinding to, and utilizing cover positions effectively.",0
"{'title': 'Confined space combat', 'description': ""It's a challenge to design combat in tight spaces like hallways, as the player's ability to dodge is severely limited by the environment. The Block action solves this by providing a defense that requires no lateral or backward movement. It enables players to manage threats head-on in confined spaces, making hallway ambushes a viable design.\n""}","Microtransactions - Microtransactions are a system that allows players to purchase in-game content or currency using real-world money. These transactions are handled through a digital storefront integrated into the game client. The content sold can range from purely cosmetic items (like character skins), to quality-of-life improvements, to items that offer a direct gameplay advantage, the implementation of which is a key design and ethical consideration.",0
"{'title': 'Control scheme overload', 'description': ""A rich game world may contain dozens of unique types of interactions, but a controller has a limited number of buttons. Assigning a unique button for every action ('Open Door', 'Talk', 'Loot') would create an impossibly complex control scheme. A context-sensitive Interact mechanic solves this. It funnels dozens of potential world interactions through a single, intelligent input.\n""}","Interact - The Interact mechanic is the fundamental bridge between the player and the game world's objects, characters, and systems. The implementation is context-sensitive: the game engine detects when the player is near an interactable entity and presents a prompt for a specific action. This can range from a single-button system where the game determines the action to a menu-based system that offers the player multiple choices.  Advanced implementations include 'held' interactions, where holding a button for a duration creates tension or represents effort, such as reviving a teammate or disarming a trap.",1
"{'title': 'Control scheme overload', 'description': ""A rich game world may contain dozens of unique types of interactions, but a controller has a limited number of buttons. Assigning a unique button for every action ('Open Door', 'Talk', 'Loot') would create an impossibly complex control scheme. A context-sensitive Interact mechanic solves this. It funnels dozens of potential world interactions through a single, intelligent input.\n""}","Critical Hits - A Critical Hit, or ""crit,"" is a combat mechanic where, based on a random chance (a ""crit rate"" percentage), an attack will deal a significantly increased amount of damage. The damage multiplier (e.g., 200%) and the chance to trigger a crit are often key stats that can be improved by a character's attributes or gear.",0
"{'title': 'Control scheme overload', 'description': ""A rich game world may contain dozens of unique types of interactions, but a controller has a limited number of buttons. Assigning a unique button for every action ('Open Door', 'Talk', 'Loot') would create an impossibly complex control scheme. A context-sensitive Interact mechanic solves this. It funnels dozens of potential world interactions through a single, intelligent input.\n""}","Lock-On - A Lock-On is a camera and targeting system that, when activated by the player on a specific enemy, forces the game camera to remain focused on that target. Player movement and attacks then become relative to the locked-on enemy (e.g., pushing left on the stick strafes around the enemy). It is a foundational mechanic for readable, one-on-one combat in a 3D space.",0
"{'title': 'Spatially unavoidable attacks', 'description': ""It's difficult to design spectacular attacks, like full-screen shockwaves, that are impossible to outrun. Without a specific counter, these attacks feel unfair. A Dodge mechanic, with its i-frames, resolves this impasse. It allows the player to survive a spatially unavoidable attack through precise timing, giving the designer freedom to create these encounters without sacrificing fairness.\n""}","Dodge - Dodge is a defensive action that allows a character to avoid damage by rapidly changing their position. The core of the mechanic lies in ""invincibility frames"" (i-frames)a brief window during the animation where the character is completely immune to damage. This allows players to pass through attacks unharmed, not just move out of their way. Its usage is almost always tied to a Stamina resource to prevent spamming.  Implementations vary in speed and distance, from long-distance rolls with larger i-frame windows to quick, short-range dashes. Unlike blocking, which absorbs damage at a fixed position, dodging is a commitment of movement that rewards precise timing and spatial awareness.",1
"{'title': 'Spatially unavoidable attacks', 'description': ""It's difficult to design spectacular attacks, like full-screen shockwaves, that are impossible to outrun. Without a specific counter, these attacks feel unfair. A Dodge mechanic, with its i-frames, resolves this impasse. It allows the player to survive a spatially unavoidable attack through precise timing, giving the designer freedom to create these encounters without sacrificing fairness.\n""}","HUD - The Heads-Up Display (HUD) is the collection of persistent, on-screen user interface elements that display critical real-time game information to the player. This commonly includes a health bar, ammo count, a minimap, and current objectives. It is a non-diegetic overlay designed to give the player constant access to vital information without needing to pause the game or open a menu.",0
"{'title': 'Spatially unavoidable attacks', 'description': ""It's difficult to design spectacular attacks, like full-screen shockwaves, that are impossible to outrun. Without a specific counter, these attacks feel unfair. A Dodge mechanic, with its i-frames, resolves this impasse. It allows the player to survive a spatially unavoidable attack through precise timing, giving the designer freedom to create these encounters without sacrificing fairness.\n""}","Lock-On - A Lock-On is a camera and targeting system that, when activated by the player on a specific enemy, forces the game camera to remain focused on that target. Player movement and attacks then become relative to the locked-on enemy (e.g., pushing left on the stick strafes around the enemy). It is a foundational mechanic for readable, one-on-one combat in a 3D space.",0
"{'title': 'Non-standard character actions', 'description': ""A game's core verbs (move, jump, attack) can't cover every unique action a cinematic story beat might demand. Your narrative may require a specific physical feat, like holding a door shut, or you may have a costly animation for a dramatic moment with no way to trigger it via the standard controls. QTEs are a simple way to connect one-off actions to the game without breaking immersion or building a massive action set.\n""}; {'title': 'Breaking immersion during cutscenes', 'description': ""To keep players engaged during long cinematics, designers need a form of light interaction. QTEs provide this by using minimal, clearly telegraphed prompts for simple actions. This keeps the player focused as an active participant without cluttering the screen with a full UI. As a bonus, it also prevents the jarring 'fumble for the controller' when the scene suddenly demands input.\n""}","Quick Time Event - A Quick Time Event (QTE) is a scripted interaction where the player must press a prompted button, or sequence of buttons, within a short time limit. Its primary function is to maintain player engagement during a non-interactive or highly cinematic sequence, effectively bridging the gap between active gameplay and passive cutscenes.  The design of a QTE is defined by its consequences and presentation. Failure can result in instant death, a minor penalty, or a branching narrative path. Modern implementations often favor less intrusive UI and more meaningful outcomes to avoid breaking player immersion.",1
"{'title': 'Non-standard character actions', 'description': ""A game's core verbs (move, jump, attack) can't cover every unique action a cinematic story beat might demand. Your narrative may require a specific physical feat, like holding a door shut, or you may have a costly animation for a dramatic moment with no way to trigger it via the standard controls. QTEs are a simple way to connect one-off actions to the game without breaking immersion or building a massive action set.\n""}; {'title': 'Breaking immersion during cutscenes', 'description': ""To keep players engaged during long cinematics, designers need a form of light interaction. QTEs provide this by using minimal, clearly telegraphed prompts for simple actions. This keeps the player focused as an active participant without cluttering the screen with a full UI. As a bonus, it also prevents the jarring 'fumble for the controller' when the scene suddenly demands input.\n""}","Modular Construction - Modular Construction is a ""snap-together"" building system that uses a limited set of pre-fabricated, interlocking pieces (like floors, walls, and ramps). These pieces are designed to connect to each other seamlessly, often on a grid system, allowing for rapid and intuitive building. This method contrasts with more granular, free-form systems like voxel-based construction.",0
"{'title': 'Non-standard character actions', 'description': ""A game's core verbs (move, jump, attack) can't cover every unique action a cinematic story beat might demand. Your narrative may require a specific physical feat, like holding a door shut, or you may have a costly animation for a dramatic moment with no way to trigger it via the standard controls. QTEs are a simple way to connect one-off actions to the game without breaking immersion or building a massive action set.\n""}; {'title': 'Breaking immersion during cutscenes', 'description': ""To keep players engaged during long cinematics, designers need a form of light interaction. QTEs provide this by using minimal, clearly telegraphed prompts for simple actions. This keeps the player focused as an active participant without cluttering the screen with a full UI. As a bonus, it also prevents the jarring 'fumble for the controller' when the scene suddenly demands input.\n""}","Block - Block is a defensive action that mitigates or nullifies incoming damage, typically from a frontal arc. Its implementation is defined by its resource costalmost always Stamina or a hidden 'poise' value. Sustaining hits on a block consumes this resource, and depleting it results in a 'Guard Break,' a state of vulnerability that punishes passive over-reliance on the mechanic.  The effectiveness of a block (damage reduction, stability) is determined by the equipment used, such as a heavy shield versus a weapon. Combat systems often include 'unblockable' attacks to ensure players must utilize other defensive options, adding a layer to the combat puzzle.",0
"{'title': 'Repetitive death animations', 'description': 'Watching the same few pre-scripted death animations over and over is immersion-breaking and repetitive. Ragdoll physics solves this. It creates unique, dynamic, and often comedic death sequences every single time, making these moments feel more visceral and less predictable.\n'}","Ragdoll Physics - Ragdoll Physics is a procedural animation system that takes over a character's model upon death, incapacitation, or major impact. Instead of playing a pre-canned, static animation, the character's body becomes a collection of rigid bodies connected by joints. This ""ragdoll"" then reacts realistically to the forces applied to it, causing it to tumble down stairs, slump over ledges, or be thrown by an explosion in a unique, unscripted way every time.",1
"{'title': 'Repetitive death animations', 'description': 'Watching the same few pre-scripted death animations over and over is immersion-breaking and repetitive. Ragdoll physics solves this. It creates unique, dynamic, and often comedic death sequences every single time, making these moments feel more visceral and less predictable.\n'}","Positional Audio - Positional Audio, often referred to as 3D audio or spatial sound, is an audio-processing technique that simulates how sound travels in a three-dimensional space. By manipulating volume, delay, and equalization based on a sound's source relative to the player (the ""listener""), the system allows players to accurately pinpoint the location and distance of in-game events based on sound alone. This requires headphones or a multi-speaker setup for the full effect.",0
"{'title': 'Repetitive death animations', 'description': 'Watching the same few pre-scripted death animations over and over is immersion-breaking and repetitive. Ragdoll physics solves this. It creates unique, dynamic, and often comedic death sequences every single time, making these moments feel more visceral and less predictable.\n'}","Lore Collection - Lore Collection is a system that scatters narrative information throughout the game world in the form of collectible items, such as books, audio logs, or item descriptions. The player is encouraged to find these fragments to piece together the history and context of the world. This content is often presented in a dedicated in-game codex or journal for later review.",0
"{'title': 'Superficial impact feedback', 'description': ""It's a design challenge to make high-impact events, like a car crash, feel visceral and consequential. Simple collision systems often result in objects just bouncing off each other. A realistic collision model solves this by providing detailed, dynamic feedback, making every impact feel unique and unscripted.\n""}","Realistic Collision - Realistic Collision is a physics system that accurately simulates the transfer of forces and the resulting deformation and damage when two or more objects collide. This goes beyond simple ""bounding box"" collisions, where objects just bounce off each other. Instead, it models how materials bend, shatter, and break apart in a physically plausible manner, often using a ""soft-body"" physics engine.",1
"{'title': 'Superficial impact feedback', 'description': ""It's a design challenge to make high-impact events, like a car crash, feel visceral and consequential. Simple collision systems often result in objects just bouncing off each other. A realistic collision model solves this by providing detailed, dynamic feedback, making every impact feel unique and unscripted.\n""}","Modular Construction - Modular Construction is a ""snap-together"" building system that uses a limited set of pre-fabricated, interlocking pieces (like floors, walls, and ramps). These pieces are designed to connect to each other seamlessly, often on a grid system, allowing for rapid and intuitive building. This method contrasts with more granular, free-form systems like voxel-based construction.",0
"{'title': 'Unrealistic environmental interactions', 'description': ""It's a design challenge to make game worlds feel truly interactive and reactive. A fluid dynamics simulation solves a piece of this by making water a dynamic element rather than a static prop. This creates a more believable and immersive world where liquids react to the player's actions in a physically plausible way.\n""}","Fluid Dynamics - Fluid Dynamics is a complex physics simulation that models the properties of liquids, such as viscosity, flow, and buoyancy. This allows water and other fluids in the game to react realistically to forces like explosions, moving objects, and player interaction. This goes beyond simple, static water planes and simulates a fluid's volume and movement.",1
"{'title': 'Unrealistic environmental interactions', 'description': ""It's a design challenge to make game worlds feel truly interactive and reactive. A fluid dynamics simulation solves a piece of this by making water a dynamic element rather than a static prop. This creates a more believable and immersive world where liquids react to the player's actions in a physically plausible way.\n""}","Secret Areas - Secret Areas are hidden locations within the game world that are not marked on the map and often require keen observation or unconventional use of game mechanics to find. These areas typically contain valuable loot, unique encounters, or narrative easter eggs as a reward for thorough exploration. They are intentionally placed off the main path to reward player curiosity.",0
"{'title': 'Unrealistic environmental interactions', 'description': ""It's a design challenge to make game worlds feel truly interactive and reactive. A fluid dynamics simulation solves a piece of this by making water a dynamic element rather than a static prop. This creates a more believable and immersive world where liquids react to the player's actions in a physically plausible way.\n""}","Cinematic Camera - A Cinematic Camera is a system that temporarily wrests camera control from the player to enforce a specific, pre-authored angle, pan, or tracking shot. It is a directorial tool used by developers during scripted sequences or key story moments. By dictating the camera's behavior, the system can guarantee a dramatic presentation, highlight important details, or guide the player's focus, much like a film director framing a shot.",0
"{'title': 'One-dimensional puzzle solving', 'description': 'Many puzzles are limited to finding keys or pushing blocks. Gravity manipulation solves this by introducing physics as the core puzzle component. It allows designers to create complex challenges based on mass, trajectory, and momentum, opening up an entirely new dimension of puzzle design.\n'}","Gravity Manipulation - Gravity Manipulation is a mechanic that gives the player a tool to directly alter the gravitational properties of objects or the environment. This can include making objects weightless, increasing their mass to create a powerful impact, reversing the direction of gravity in a room, or creating localized gravity wells.",1
"{'title': 'One-dimensional puzzle solving', 'description': 'Many puzzles are limited to finding keys or pushing blocks. Gravity manipulation solves this by introducing physics as the core puzzle component. It allows designers to create complex challenges based on mass, trajectory, and momentum, opening up an entirely new dimension of puzzle design.\n'}","Free Camera - A Free Camera is a mode, often distinct from normal gameplay, where the player can detach the viewpoint from the character and move it independently through the 3D space. This mode frequently includes a suite of photographic tools, such as field-of-view (FoV) adjustment, depth of field controls, color filters, and the ability to pause or advance time. It is the core component of a ""Photo Mode.""",0
"{'title': 'One-dimensional puzzle solving', 'description': 'Many puzzles are limited to finding keys or pushing blocks. Gravity manipulation solves this by introducing physics as the core puzzle component. It allows designers to create complex challenges based on mass, trajectory, and momentum, opening up an entirely new dimension of puzzle design.\n'}","Dynamic Music - Dynamic Music is a broad term for any musical score that changes in response to gameplay, but it often refers to systems where specific musical cues or motifs are tied to player actions or discoveries. This can be more granular than a fully adaptive soundtrack. For example, a specific melody might play only when a certain character is on-screen, or a percussion layer might be added when the player starts sprinting. It creates a more interactive and responsive musical experience.",0
"{'title': 'Static, predictable battlefields', 'description': 'In most games, the level geometry is static and indestructible, leading to predictable combat encounters where cover is permanent. Destructible environments solve this by making the battlefield dynamic. Cover can be blown away, new sightlines can be created, and entire strategies are invalidated when a building collapses, forcing players to constantly adapt.\n'}","Destructible Environments - Destructible Environments are a physics-based system that allows game world geometry, such as walls, cover, and entire buildings, to be dynamically damaged and destroyed by player or AI actions. This creates a battlefield that is not static, but is constantly changing and reacting to the forces of combat. Implementations can range from simple, pre-scripted destruction to fully dynamic, physics-based demolition.",1
"{'title': 'Static, predictable battlefields', 'description': 'In most games, the level geometry is static and indestructible, leading to predictable combat encounters where cover is permanent. Destructible environments solve this by making the battlefield dynamic. Cover can be blown away, new sightlines can be created, and entire strategies are invalidated when a building collapses, forcing players to constantly adapt.\n'}",Matchmaking - Matchmaking is an automated system that groups players together for online matches. A skill-based matchmaking (SBMM) system uses a player's performance metrics (like a hidden rating or visible rank) to attempt to create balanced teams and fair matches. Simpler systems may just prioritize finding a game as quickly as possible.,0
"{'title': 'Static, predictable battlefields', 'description': 'In most games, the level geometry is static and indestructible, leading to predictable combat encounters where cover is permanent. Destructible environments solve this by making the battlefield dynamic. Cover can be blown away, new sightlines can be created, and entire strategies are invalidated when a building collapses, forcing players to constantly adapt.\n'}","In-Game Currency - An In-Game Currency is a fungible, universally accepted medium of exchange within the game world (e.g., gold, credits, dollars). It acts as a standardized measure of value for goods and services, forming the backbone of any game economy. It is typically awarded to the player for completing activities and is spent on items, upgrades, and services provided by NPCs or other players.",0
"{'title': 'Confusing crafting systems', 'description': 'Crafting systems that require players to discover combinations through pure trial-and-error can be obtuse and frustrating, often forcing players to consult an external wiki. A recipe system solves this. It provides clear, in-game guidelines for what can be crafted and what ingredients are needed, making the system accessible and self-contained.\n'}","Recipe System - A Recipe System is a form of crafting where the player collects, learns, or buys specific ""recipes."" Once a recipe is known, the player can craft the corresponding item at any time, provided they have the required ingredients. This system abstracts the process of combination; the player does not need to remember specific patterns, but rather select the desired item from a list of known recipes.",1
"{'title': 'Confusing crafting systems', 'description': 'Crafting systems that require players to discover combinations through pure trial-and-error can be obtuse and frustrating, often forcing players to consult an external wiki. A recipe system solves this. It provides clear, in-game guidelines for what can be crafted and what ingredients are needed, making the system accessible and self-contained.\n'}","Adaptive Soundtrack - An Adaptive Soundtrack is a musical score that dynamically changes its intensity, instrumentation, or melody in real-time based on gameplay events. Using a system of musical layers or stems, the game can seamlessly transition between different states, such as 'exploration,' 'tension,' and 'combat.' The audio engine cues these changes based on triggers like an enemy spotting the player or a new area being discovered, ensuring the music always matches the on-screen action.",0
"{'title': 'Confusing crafting systems', 'description': 'Crafting systems that require players to discover combinations through pure trial-and-error can be obtuse and frustrating, often forcing players to consult an external wiki. A recipe system solves this. It provides clear, in-game guidelines for what can be crafted and what ingredients are needed, making the system accessible and self-contained.\n'}","User-Generated Content - User-Generated Content (UGC) is a broad category for mechanics that allow players to create content (like levels, quests, or characters) using in-game tools and then share that content with other players through a centralized, integrated service. The focus is on providing a seamless loop of creating, sharing, and playing community-made content, all within the game itself.",0
"{'title': 'Disposable gear', 'description': 'In many loot-based games, players are constantly finding new gear that makes their old, favorite items obsolete. An upgrade system solves this. It allows a player to keep their preferred weapon or armor relevant throughout the game by continually investing resources into it, fostering a stronger attachment to their equipment.\n'}","Upgrading - Upgrading is a system of progressive, linear enhancement for a single piece of equipment. Unlike modular crafting, where parts are swapped, upgrading typically involves spending resources or currency to increase an item's existing stats (e.g., from Level 1 to Level 2). This provides a straightforward and granular path for item progression, allowing players to continually invest in their favorite gear.",1
"{'title': 'Disposable gear', 'description': 'In many loot-based games, players are constantly finding new gear that makes their old, favorite items obsolete. An upgrade system solves this. It allows a player to keep their preferred weapon or armor relevant throughout the game by continually investing resources into it, fostering a stronger attachment to their equipment.\n'}","Adaptive AI - Adaptive AI, often managed by a system called an ""AI Director,"" dynamically adjusts game parameters in real-time based on player performance. It monitors metrics like player health, accuracy, and progression speed to alter enemy spawns, item placement, and encounter intensity. The goal is to create a tailored challenge that is consistently engaging, preventing the experience from becoming either too frustrating or too easy. This system works in the background to curate the player's experience on the fly.",0
"{'title': 'Disposable gear', 'description': 'In many loot-based games, players are constantly finding new gear that makes their old, favorite items obsolete. An upgrade system solves this. It allows a player to keep their preferred weapon or armor relevant throughout the game by continually investing resources into it, fostering a stronger attachment to their equipment.\n'}","Trade System - A Trade System is the set of rules and user interface elements that facilitates the direct exchange of items or currency between two or more parties, such as player-to-player or player-to-NPC. This can include simple two-player trading windows with an ""accept"" button to prevent scams, complex bartering systems with NPCs, or large-scale cargo hauling between different regions in a game world.",0
"{'title': 'Superficial crafting choices', 'description': ""Many crafting systems offer a linear path where there is always a single 'best' item to craft. Modular crafting solves this by creating a system of trade-offs. A long barrel might increase accuracy but slow down handling, forcing the player to make meaningful, strategic decisions about how they construct their items to fit their specific playstyle.\n""}","Modular Crafting - Modular Crafting is a specific type of customization where items are composed of distinct, interchangeable parts or ""modules"" (e.g., a gun's barrel, stock, and scope). Players craft or find these individual modules and then combine them to create a final item with unique stats and behaviors derived from its components. This allows for a vast number of potential combinations from a relatively small set of parts.",1
"{'title': 'Superficial crafting choices', 'description': ""Many crafting systems offer a linear path where there is always a single 'best' item to craft. Modular crafting solves this by creating a system of trade-offs. A long barrel might increase accuracy but slow down handling, forcing the player to make meaningful, strategic decisions about how they construct their items to fit their specific playstyle.\n""}","Cover Shooting - Cover Shooting is a combat style that merges a Cover System with ranged combat mechanics. It allows a character to ""stick"" to environmental objects for protection, and from that safe position, perform a variety of actions like peeking out to aim, firing blindly over the top, or moving to adjacent cover points. It is the defining mechanic of many modern third-person shooters.",0
"{'title': 'Superficial crafting choices', 'description': ""Many crafting systems offer a linear path where there is always a single 'best' item to craft. Modular crafting solves this by creating a system of trade-offs. A long barrel might increase accuracy but slow down handling, forcing the player to make meaningful, strategic decisions about how they construct their items to fit their specific playstyle.\n""}","Recipe System - A Recipe System is a form of crafting where the player collects, learns, or buys specific ""recipes."" Once a recipe is known, the player can craft the corresponding item at any time, provided they have the required ingredients. This system abstracts the process of combination; the player does not need to remember specific patterns, but rather select the desired item from a list of known recipes.",0
"{'title': 'Static item progression', 'description': 'In a simple loot system, finding a new item with slightly better stats makes the old one obsolete. Customization solves this by allowing players to continually invest in and improve their favorite gear. This creates a more personal attachment to items and provides a deeper, more granular progression path beyond just finding new loot.\n'}","Customization - Customization refers to systems that allow players to alter the aesthetic appearance or statistical properties of their characters, equipment, or vehicles. This can range from simple color changes to deep, modular systems where individual components are swapped out. The goal is to provide players with a means of personal expression and/or strategic differentiation.",1
"{'title': 'Static item progression', 'description': 'In a simple loot system, finding a new item with slightly better stats makes the old one obsolete. Customization solves this by allowing players to continually invest in and improve their favorite gear. This creates a more personal attachment to items and provides a deeper, more granular progression path beyond just finding new loot.\n'}","Workshop Integration - Workshop Integration is a system that directly integrates a centralized, user-friendly content distribution platform (like the Steam Workshop) into the game client or launcher. This allows players to easily browse, subscribe to, download, and manage mods and other user-generated content with a single click, automating what was once a complex, manual installation process.",0
"{'title': 'Static item progression', 'description': 'In a simple loot system, finding a new item with slightly better stats makes the old one obsolete. Customization solves this by allowing players to continually invest in and improve their favorite gear. This creates a more personal attachment to items and provides a deeper, more granular progression path beyond just finding new loot.\n'}","Ambient Audio - Ambient Audio is the background soundscape of a game world, designed to create a sense of place and atmosphere. It consists of layered, non-interactive sounds like wind, distant city noise, crickets chirping, or the subtle hum of machinery. These soundscapes are often location-based and can change dynamically based on the time of day or weather. Unlike specific sound effects, ambient audio provides a constant, underlying sonic texture to the environment.",0
"{'title': 'Meaningless world collectibles', 'description': ""In many games, the world is full of junk items that serve no purpose. A resource combination system solves this by giving dozens or hundreds of different world items a tangible value. A simple flower is no longer just a prop; it's a key ingredient for a potion, which encourages exploration and resource gathering.\n""}","Resource Combination - Resource Combination is a crafting system where players create new items by placing specific raw materials in a pre-defined pattern or recipe, often using a crafting grid or menu. The core gameplay loop involves exploring the world to gather diverse ingredients (wood, stone, ore, plants, etc.) and then using them to produce tools, equipment, or structures. It is the foundational mechanic of the survival-crafting genre.",1
"{'title': 'Meaningless world collectibles', 'description': ""In many games, the world is full of junk items that serve no purpose. A resource combination system solves this by giving dozens or hundreds of different world items a tangible value. A simple flower is no longer just a prop; it's a key ingredient for a potion, which encourages exploration and resource gathering.\n""}","In-Game Currency - An In-Game Currency is a fungible, universally accepted medium of exchange within the game world (e.g., gold, credits, dollars). It acts as a standardized measure of value for goods and services, forming the backbone of any game economy. It is typically awarded to the player for completing activities and is spent on items, upgrades, and services provided by NPCs or other players.",0
"{'title': 'Meaningless world collectibles', 'description': ""In many games, the world is full of junk items that serve no purpose. A resource combination system solves this by giving dozens or hundreds of different world items a tangible value. A simple flower is no longer just a prop; it's a key ingredient for a potion, which encourages exploration and resource gathering.\n""}","Auction House - An Auction House is a centralized, asynchronous marketplace system in a multiplayer game. It allows players to list items for sale for a set duration, and other players can then place bids or purchase the item outright for a ""buyout"" price. This system automates player-to-player trade, removing the need for both parties to be online and meet in the same location to conduct an exchange.",0
"{'title': 'Lack of long-term player goals', 'description': 'In open-ended sandbox games, players can run out of directed content, leading to disengagement. Base building provides a long-term, self-directed project. It gives players a creative outlet and a persistent investment in the world, keeping them engaged long after scripted quests are complete.\n'}; {'title': 'Generic game worlds', 'description': ""It's a design challenge to make a large game world feel personal to every player. Base building solves this by allowing players to physically alter the world and create a unique home. This fosters a strong sense of ownership and attachment that a pre-designed world cannot.\n""}","Base Building - Base Building is a system that allows players to construct persistent, customized structures and settlements using in-game resources. It functions as a core gameplay loop in many survival and sandbox games, offering a functional hub for crafting and storage, as well as a canvas for player creativity. The systems can range from placing pre-fabricated structures to free-form construction using individual pieces like walls and floors.",1
"{'title': 'Lack of long-term player goals', 'description': 'In open-ended sandbox games, players can run out of directed content, leading to disengagement. Base building provides a long-term, self-directed project. It gives players a creative outlet and a persistent investment in the world, keeping them engaged long after scripted quests are complete.\n'}; {'title': 'Generic game worlds', 'description': ""It's a design challenge to make a large game world feel personal to every player. Base building solves this by allowing players to physically alter the world and create a unique home. This fosters a strong sense of ownership and attachment that a pre-designed world cannot.\n""}","Experience Points - Experience Points (XP or EXP) are a numerical value awarded to players for completing in-game actions, such as winning battles, finishing quests, or discovering new locations. XP is the fundamental ""currency"" for the Leveling Up system; accumulating a specific amount of XP is what causes a character to gain a level and become more powerful.",0
"{'title': 'Lack of long-term player goals', 'description': 'In open-ended sandbox games, players can run out of directed content, leading to disengagement. Base building provides a long-term, self-directed project. It gives players a creative outlet and a persistent investment in the world, keeping them engaged long after scripted quests are complete.\n'}; {'title': 'Generic game worlds', 'description': ""It's a design challenge to make a large game world feel personal to every player. Base building solves this by allowing players to physically alter the world and create a unique home. This fosters a strong sense of ownership and attachment that a pre-designed world cannot.\n""}","Critical Hits - A Critical Hit, or ""crit,"" is a combat mechanic where, based on a random chance (a ""crit rate"" percentage), an attack will deal a significantly increased amount of damage. The damage multiplier (e.g., 200%) and the chance to trigger a crit are often key stats that can be improved by a character's attributes or gear.",0
"{'title': 'Repetitive construction tasks', 'description': 'Manually building complex or identical structures over and over is tedious and discourages large-scale projects. The Blueprint system automates this repetition. It lets players save their favorite designs and deploy them instantly, turning a time-consuming chore into a satisfying strategic decision.\n'}; {'title': 'High barrier to entry for building', 'description': ""The complexity of a building system can intimidate less creative players who don't know where to start. Blueprints, when offered as pre-designed templates, provide an accessible entry point. They give players functional and cool-looking structures immediately, letting them enjoy the benefits of building without needing to be an expert architect.\n""}","Blueprints - A Blueprint is a system that saves a structure's layout, either as a pre-designed template from the developer or as a player-created design. This saved data is then used to project a ""ghost"" image of the structure into the world. Players can then either automatically build the structure by providing the required resources, or use the projection as a guide for manual construction.",1
"{'title': 'Repetitive construction tasks', 'description': 'Manually building complex or identical structures over and over is tedious and discourages large-scale projects. The Blueprint system automates this repetition. It lets players save their favorite designs and deploy them instantly, turning a time-consuming chore into a satisfying strategic decision.\n'}; {'title': 'High barrier to entry for building', 'description': ""The complexity of a building system can intimidate less creative players who don't know where to start. Blueprints, when offered as pre-designed templates, provide an accessible entry point. They give players functional and cool-looking structures immediately, letting them enjoy the benefits of building without needing to be an expert architect.\n""}","Touch Input - Touch Input is a control scheme designed for touchscreen devices, where player input is registered through direct physical contact with the screen. This includes gestures like tapping, swiping, pinching to zoom, and dragging. Game controls are rendered as virtual, on-screen elements rather than physical buttons.",0
"{'title': 'Repetitive construction tasks', 'description': 'Manually building complex or identical structures over and over is tedious and discourages large-scale projects. The Blueprint system automates this repetition. It lets players save their favorite designs and deploy them instantly, turning a time-consuming chore into a satisfying strategic decision.\n'}; {'title': 'High barrier to entry for building', 'description': ""The complexity of a building system can intimidate less creative players who don't know where to start. Blueprints, when offered as pre-designed templates, provide an accessible entry point. They give players functional and cool-looking structures immediately, letting them enjoy the benefits of building without needing to be an expert architect.\n""}","Recipe System - A Recipe System is a form of crafting where the player collects, learns, or buys specific ""recipes."" Once a recipe is known, the player can craft the corresponding item at any time, provided they have the required ingredients. This system abstracts the process of combination; the player does not need to remember specific patterns, but rather select the desired item from a list of known recipes.",0
"{'title': 'Micromanagement at a macro scale', 'description': ""It's impossible for a player to individually place thousands of houses and shops needed to build a large city. Zoning solves this scalability problem. It allows the player to make broad, strategic decisions about their city's layout, while the simulation handles the granular detail of populating those areas, making large-scale management feasible.\n""}","Zoning - Zoning is a macro-level management tool used in city-building and simulation games. Instead of placing individual buildings, the player designates large areas of land (zones) for a specific purpose, such as residential, commercial, or industrial development. The game's simulation engine then automatically populates these zones with appropriate buildings over time, provided certain conditions like power and road access are met.",1
"{'title': 'Micromanagement at a macro scale', 'description': ""It's impossible for a player to individually place thousands of houses and shops needed to build a large city. Zoning solves this scalability problem. It allows the player to make broad, strategic decisions about their city's layout, while the simulation handles the granular detail of populating those areas, making large-scale management feasible.\n""}","Resource Gathering - Resource Gathering is the set of actions players perform to acquire raw materials directly from the game world. This is the primary input, or ""faucet,"" for most crafting and building systems. The mechanic can range from a simple, instantaneous action on a resource ""node"" (e.g., mining an ore vein) to a complex minigame (e.g., fishing).",0
"{'title': 'Micromanagement at a macro scale', 'description': ""It's impossible for a player to individually place thousands of houses and shops needed to build a large city. Zoning solves this scalability problem. It allows the player to make broad, strategic decisions about their city's layout, while the simulation handles the granular detail of populating those areas, making large-scale management feasible.\n""}","PvP - Player versus Player (PvP) is a mode of gameplay where two or more players compete directly against each other, as opposed to against AI-controlled opponents in Player versus Environment (PvE) content. This is the foundation of all competitive multiplayer games, from fighting games to battle royales.",0
"{'title': 'Static combat encounters', 'description': ""A traditional combat encounter is often just about character stats and reflexes. Defensive fortifications introduce a new strategic layer: preparation. It creates a gameplay phase where the player analyzes the environment and anticipated threats to build a defense, enabling a 'tower defense' style of gameplay within other genres.\n""}","Defensive Fortification - Defensive Fortification is a subset of building mechanics focused entirely on creating structures that mitigate damage, control enemy movement, or act as automated weapon platforms. This includes building walls, placing turrets, laying traps, and creating chokepoints. Unlike general base building, these constructions are purely functional and are built in direct anticipation of a hostile threat.",1
"{'title': 'Static combat encounters', 'description': ""A traditional combat encounter is often just about character stats and reflexes. Defensive fortifications introduce a new strategic layer: preparation. It creates a gameplay phase where the player analyzes the environment and anticipated threats to build a defense, enabling a 'tower defense' style of gameplay within other genres.\n""}","Touch Input - Touch Input is a control scheme designed for touchscreen devices, where player input is registered through direct physical contact with the screen. This includes gestures like tapping, swiping, pinching to zoom, and dragging. Game controls are rendered as virtual, on-screen elements rather than physical buttons.",0
"{'title': 'Static combat encounters', 'description': ""A traditional combat encounter is often just about character stats and reflexes. Defensive fortifications introduce a new strategic layer: preparation. It creates a gameplay phase where the player analyzes the environment and anticipated threats to build a defense, enabling a 'tower defense' style of gameplay within other genres.\n""}","Resource Gathering - Resource Gathering is the set of actions players perform to acquire raw materials directly from the game world. This is the primary input, or ""faucet,"" for most crafting and building systems. The mechanic can range from a simple, instantaneous action on a resource ""node"" (e.g., mining an ore vein) to a complex minigame (e.g., fishing).",0
"{'title': 'High barrier to entry for building', 'description': 'Free-form building systems can be overwhelming and often result in ugly, non-functional structures for unskilled players. A modular system solves this by using a limited set of easy-to-use, snap-together pieces. This guarantees that even novice builders can create structurally sound and aesthetically pleasing buildings quickly.\n'}; {'title': 'Slow-paced building in a fast-paced game', 'description': ""It's a design conflict to have a deep building system in a fast-paced combat game, as traditional building is too slow to be used effectively under pressure. Modular construction solves this. By using a limited set of pieces that snap together instantly, it transforms building into a rapid, reflexive combat skill, allowing for dynamic creation of cover and structures mid-fight.\n""}","Modular Construction - Modular Construction is a ""snap-together"" building system that uses a limited set of pre-fabricated, interlocking pieces (like floors, walls, and ramps). These pieces are designed to connect to each other seamlessly, often on a grid system, allowing for rapid and intuitive building. This method contrasts with more granular, free-form systems like voxel-based construction.",1
"{'title': 'High barrier to entry for building', 'description': 'Free-form building systems can be overwhelming and often result in ugly, non-functional structures for unskilled players. A modular system solves this by using a limited set of easy-to-use, snap-together pieces. This guarantees that even novice builders can create structurally sound and aesthetically pleasing buildings quickly.\n'}; {'title': 'Slow-paced building in a fast-paced game', 'description': ""It's a design conflict to have a deep building system in a fast-paced combat game, as traditional building is too slow to be used effectively under pressure. Modular construction solves this. By using a limited set of pieces that snap together instantly, it transforms building into a rapid, reflexive combat skill, allowing for dynamic creation of cover and structures mid-fight.\n""}","Dynamic Music - Dynamic Music is a broad term for any musical score that changes in response to gameplay, but it often refers to systems where specific musical cues or motifs are tied to player actions or discoveries. This can be more granular than a fully adaptive soundtrack. For example, a specific melody might play only when a certain character is on-screen, or a percussion layer might be added when the player starts sprinting. It creates a more interactive and responsive musical experience.",0
"{'title': 'High barrier to entry for building', 'description': 'Free-form building systems can be overwhelming and often result in ugly, non-functional structures for unskilled players. A modular system solves this by using a limited set of easy-to-use, snap-together pieces. This guarantees that even novice builders can create structurally sound and aesthetically pleasing buildings quickly.\n'}; {'title': 'Slow-paced building in a fast-paced game', 'description': ""It's a design conflict to have a deep building system in a fast-paced combat game, as traditional building is too slow to be used effectively under pressure. Modular construction solves this. By using a limited set of pieces that snap together instantly, it transforms building into a rapid, reflexive combat skill, allowing for dynamic creation of cover and structures mid-fight.\n""}","Social Hubs - A Social Hub is a specific, often non-combat area within a game world designated as a central meeting place for players. These hubs are intentionally designed to encourage social interaction and typically contain key vendors, quest givers, banks, and other essential services, ensuring a high volume of player traffic.",0
"{'title': 'Flat environmental traversal', 'description': ""It's a design challenge to make crossing flat, open ground feel engaging. A dash mechanic solves this by breaking up the monotony of standard running. It introduces a rhythmic, high-speed movement option that makes simple traversal feel faster, more skillful, and more enjoyable.\n""}","Dash - A Dash is a movement mechanic that propels the character forward a short, fixed distance at a high speed. It can often be performed on the ground and in the air, and may be chained multiple times or combined with other actions. Unlike a dodge, a dash is primarily used for offensive repositioning or traversal rather than purely for invincibility frames, though some implementations include both.",1
"{'title': 'Flat environmental traversal', 'description': ""It's a design challenge to make crossing flat, open ground feel engaging. A dash mechanic solves this by breaking up the monotony of standard running. It introduces a rhythmic, high-speed movement option that makes simple traversal feel faster, more skillful, and more enjoyable.\n""}","Base Building - Base Building is a system that allows players to construct persistent, customized structures and settlements using in-game resources. It functions as a core gameplay loop in many survival and sandbox games, offering a functional hub for crafting and storage, as well as a canvas for player creativity. The systems can range from placing pre-fabricated structures to free-form construction using individual pieces like walls and floors.",0
"{'title': 'Flat environmental traversal', 'description': ""It's a design challenge to make crossing flat, open ground feel engaging. A dash mechanic solves this by breaking up the monotony of standard running. It introduces a rhythmic, high-speed movement option that makes simple traversal feel faster, more skillful, and more enjoyable.\n""}","Adaptive AI - Adaptive AI, often managed by a system called an ""AI Director,"" dynamically adjusts game parameters in real-time based on player performance. It monitors metrics like player health, accuracy, and progression speed to alter enemy spawns, item placement, and encounter intensity. The goal is to create a tailored challenge that is consistently engaging, preventing the experience from becoming either too frustrating or too easy. This system works in the background to curate the player's experience on the fly.",0
"{'title': 'Restrictive environmental puzzles', 'description': 'Traditional puzzles are often limited by physical barriers like locked doors or high walls. A teleport mechanic fundamentally changes the design space for puzzles. It allows designers to create challenges based on line-of-sight and verticality, where the solution is not about finding a key, but about finding a new angle to teleport from.\n'}","Teleport - A Teleport is a movement ability that instantly transports the character from one point to another within a limited range, often bypassing physical obstacles and enemies. It is a form of traversal that breaks the normal rules of space and time within the game world, allowing for instantaneous repositioning that is distinct from a high-speed dash.",1
"{'title': 'Restrictive environmental puzzles', 'description': 'Traditional puzzles are often limited by physical barriers like locked doors or high walls. A teleport mechanic fundamentally changes the design space for puzzles. It allows designers to create challenges based on line-of-sight and verticality, where the solution is not about finding a key, but about finding a new angle to teleport from.\n'}","Interact - The Interact mechanic is the fundamental bridge between the player and the game world's objects, characters, and systems. The implementation is context-sensitive: the game engine detects when the player is near an interactable entity and presents a prompt for a specific action. This can range from a single-button system where the game determines the action to a menu-based system that offers the player multiple choices.  Advanced implementations include 'held' interactions, where holding a button for a duration creates tension or represents effort, such as reviving a teammate or disarming a trap.",0
"{'title': 'Limited traversal paths', 'description': 'In a typical platformer, the only valid paths are on horizontal surfaces. A wall run solves this limitation by turning vertical surfaces into temporary platforms. This dramatically opens up the design possibilities for level traversal, allowing for fluid, acrobatic sequences that would be impossible in a standard platformer.\n'}","Wall Run - A Wall Run is a parkour-style movement mechanic that allows the player character to run horizontally or vertically along flat surfaces for a limited time or distance. It is an advanced traversal technique that uses the environment itself as part of the player's path, often requiring a running start and allowing for chained movements with jumps or other abilities.",1
"{'title': 'Limited traversal paths', 'description': 'In a typical platformer, the only valid paths are on horizontal surfaces. A wall run solves this limitation by turning vertical surfaces into temporary platforms. This dramatically opens up the design possibilities for level traversal, allowing for fluid, acrobatic sequences that would be impossible in a standard platformer.\n'}","Economy Balancing - Economy Balancing is not a single mechanic, but the high-level design process of managing the flow of all resources and currency within a game. This involves tuning ""faucets"" (how resources are generated), ""drains"" or ""sinks"" (how resources are removed), and costs to ensure a stable, engaging, and unexploitable economic system for the player over the lifetime of the game.",0
"{'title': 'Limited traversal paths', 'description': 'In a typical platformer, the only valid paths are on horizontal surfaces. A wall run solves this limitation by turning vertical surfaces into temporary platforms. This dramatically opens up the design possibilities for level traversal, allowing for fluid, acrobatic sequences that would be impossible in a standard platformer.\n'}","Combo Input - A Combo Input is a method, primarily in fighting games, that requires the player to perform a specific sequence of directional inputs and button presses within a strict timing window to execute a special move. This can range from simple quarter-circle motions (down, down-forward, forward + punch) to complex, multi-step chains of inputs that require significant muscle memory to perform consistently.",0
"{'title': 'One-dimensional level design', 'description': 'With only a single jump, level design is often restricted to simple, linear paths on a single plane. The double jump solves this by opening up the vertical axis. It allows designers to create more complex, layered environments with platforms and secrets that require precise aerial control to reach, adding significant depth to exploration.\n'}",Double Jump - A Double Jump is a core platforming mechanic that grants the player the ability to perform a second jump while in mid-air. This action defies real-world physics to provide the player with significantly enhanced vertical and horizontal control during aerial traversal. It serves as a foundational tool for creating more complex and demanding platforming challenges.,1
"{'title': 'One-dimensional level design', 'description': 'With only a single jump, level design is often restricted to simple, linear paths on a single plane. The double jump solves this by opening up the vertical axis. It allows designers to create more complex, layered environments with platforms and secrets that require precise aerial control to reach, adding significant depth to exploration.\n'}","Combo Input - A Combo Input is a method, primarily in fighting games, that requires the player to perform a specific sequence of directional inputs and button presses within a strict timing window to execute a special move. This can range from simple quarter-circle motions (down, down-forward, forward + punch) to complex, multi-step chains of inputs that require significant muscle memory to perform consistently.",0
"{'title': 'One-dimensional level design', 'description': 'With only a single jump, level design is often restricted to simple, linear paths on a single plane. The double jump solves this by opening up the vertical axis. It allows designers to create more complex, layered environments with platforms and secrets that require precise aerial control to reach, adding significant depth to exploration.\n'}","Upgrading - Upgrading is a system of progressive, linear enhancement for a single piece of equipment. Unlike modular crafting, where parts are swapped, upgrading typically involves spending resources or currency to increase an item's existing stats (e.g., from Level 1 to Level 2). This provides a straightforward and granular path for item progression, allowing players to continually invest in their favorite gear.",0
"{'title': 'Punishing fall damage', 'description': 'In worlds with extreme verticality, a small misstep can lead to a long, fatal fall, which can be frustrating. A glide mechanic solves this by turning a potential punishment into an opportunity. It gives the player a safe and engaging way to descend from great heights and traverse massive gaps, making vertical exploration a core part of the game.\n'}","Glide - A Glide is a movement mechanic that allows a player in mid-air to dramatically slow their rate of descent and gain significant horizontal air travel. It is typically activated by holding a button after a jump. The system converts vertical momentum into controlled forward movement, allowing the player to cross large gaps or descend from great heights safely.",1
"{'title': 'Punishing fall damage', 'description': 'In worlds with extreme verticality, a small misstep can lead to a long, fatal fall, which can be frustrating. A glide mechanic solves this by turning a potential punishment into an opportunity. It gives the player a safe and engaging way to descend from great heights and traverse massive gaps, making vertical exploration a core part of the game.\n'}","Map Expansion - Map Expansion is a narrative and world-design technique where sections of the game map are initially inaccessible to the player and are unlocked as they reach certain milestones in the story or progression. This is often represented by a ""fog of war"" that gets cleared, but can also be a literal barrier that is removed, revealing a new region of the world.",0
"{'title': 'Punishing fall damage', 'description': 'In worlds with extreme verticality, a small misstep can lead to a long, fatal fall, which can be frustrating. A glide mechanic solves this by turning a potential punishment into an opportunity. It gives the player a safe and engaging way to descend from great heights and traverse massive gaps, making vertical exploration a core part of the game.\n'}","In-Game Currency - An In-Game Currency is a fungible, universally accepted medium of exchange within the game world (e.g., gold, credits, dollars). It acts as a standardized measure of value for goods and services, forming the backbone of any game economy. It is typically awarded to the player for completing activities and is spent on items, upgrades, and services provided by NPCs or other players.",0
"{'title': 'Abstracting physical actions', 'description': ""It's a design challenge to make a game about a physical activity like dancing or boxing feel intuitive with just a controller. Gesture recognition solves this by creating a direct, one-to-one link between the player's physical actions and the on-screen character's movements, providing a more immersive and intuitive control scheme for physical games.\n""}","Gesture Recognition - Gesture Recognition is a control scheme that uses a camera or other sensor to track the player's body movements and translate them into in-game actions. The system is programmed to recognize pre-defined physical gestures, like swinging an arm, making a specific pose, or a full-body dance move, and uses them as direct inputs.",1
"{'title': 'Abstracting physical actions', 'description': ""It's a design challenge to make a game about a physical activity like dancing or boxing feel intuitive with just a controller. Gesture recognition solves this by creating a direct, one-to-one link between the player's physical actions and the on-screen character's movements, providing a more immersive and intuitive control scheme for physical games.\n""}","Defensive Fortification - Defensive Fortification is a subset of building mechanics focused entirely on creating structures that mitigate damage, control enemy movement, or act as automated weapon platforms. This includes building walls, placing turrets, laying traps, and creating chokepoints. Unlike general base building, these constructions are purely functional and are built in direct anticipation of a hostile threat.",0
"{'title': 'Abstracting physical actions', 'description': ""It's a design challenge to make a game about a physical activity like dancing or boxing feel intuitive with just a controller. Gesture recognition solves this by creating a direct, one-to-one link between the player's physical actions and the on-screen character's movements, providing a more immersive and intuitive control scheme for physical games.\n""}","Dynamic Ecosystem - A Dynamic Ecosystem is a complex simulation where different forms of AI life (predators, prey, herbivores) and sometimes even flora interact with each other and the environment based on a set of systemic rules. These systems are designed to create unscripted, emergent behaviors, such as predators hunting prey, animals traveling in herds to specific water sources, or scavengers appearing at a fresh kill.",0
"{'title': 'Limited moveset on a simple controller', 'description': ""It's a fundamental design limitation: a controller has only a few face buttons, which can only support a small number of unique attacks. Combo inputs solve this. They dramatically expand a character's moveset by using sequences and combinations of the same few buttons to unlock dozens of different special moves.\n""}","Combo Input - A Combo Input is a method, primarily in fighting games, that requires the player to perform a specific sequence of directional inputs and button presses within a strict timing window to execute a special move. This can range from simple quarter-circle motions (down, down-forward, forward + punch) to complex, multi-step chains of inputs that require significant muscle memory to perform consistently.",1
"{'title': 'Limited moveset on a simple controller', 'description': ""It's a fundamental design limitation: a controller has only a few face buttons, which can only support a small number of unique attacks. Combo inputs solve this. They dramatically expand a character's moveset by using sequences and combinations of the same few buttons to unlock dozens of different special moves.\n""}","Positional Audio - Positional Audio, often referred to as 3D audio or spatial sound, is an audio-processing technique that simulates how sound travels in a three-dimensional space. By manipulating volume, delay, and equalization based on a sound's source relative to the player (the ""listener""), the system allows players to accurately pinpoint the location and distance of in-game events based on sound alone. This requires headphones or a multi-speaker setup for the full effect.",0
"{'title': 'Limited moveset on a simple controller', 'description': ""It's a fundamental design limitation: a controller has only a few face buttons, which can only support a small number of unique attacks. Combo inputs solve this. They dramatically expand a character's moveset by using sequences and combinations of the same few buttons to unlock dozens of different special moves.\n""}","Secret Areas - Secret Areas are hidden locations within the game world that are not marked on the map and often require keen observation or unconventional use of game mechanics to find. These areas typically contain valuable loot, unique encounters, or narrative easter eggs as a reward for thorough exploration. They are intentionally placed off the main path to reward player curiosity.",0
"{'title': 'Lack of physical buttons on mobile devices', 'description': 'The primary hardware limitation of smartphones and tablets is the absence of physical buttons and joysticks. Touch input is the design solution for this. It creates a flexible, software-based control scheme that can be adapted to any game genre, from simple taps for puzzle games to complex virtual joysticks for shooters.\n'}","Touch Input - Touch Input is a control scheme designed for touchscreen devices, where player input is registered through direct physical contact with the screen. This includes gestures like tapping, swiping, pinching to zoom, and dragging. Game controls are rendered as virtual, on-screen elements rather than physical buttons.",1
"{'title': 'Lack of physical buttons on mobile devices', 'description': 'The primary hardware limitation of smartphones and tablets is the absence of physical buttons and joysticks. Touch input is the design solution for this. It creates a flexible, software-based control scheme that can be adapted to any game genre, from simple taps for puzzle games to complex virtual joysticks for shooters.\n'}","Secret Areas - Secret Areas are hidden locations within the game world that are not marked on the map and often require keen observation or unconventional use of game mechanics to find. These areas typically contain valuable loot, unique encounters, or narrative easter eggs as a reward for thorough exploration. They are intentionally placed off the main path to reward player curiosity.",0
"{'title': 'Lack of physical buttons on mobile devices', 'description': 'The primary hardware limitation of smartphones and tablets is the absence of physical buttons and joysticks. Touch input is the design solution for this. It creates a flexible, software-based control scheme that can be adapted to any game genre, from simple taps for puzzle games to complex virtual joysticks for shooters.\n'}","Inventory Management - Inventory Management is the system of rules and user interface that governs a player's ability to collect, store, and organize items. Key design pillars include inventory capacity (e.g., by weight, number of slots, or a grid system), sorting functionality, and the interface for equipping, using, or discarding items. It often functions as a puzzle or strategic layer in itself.",0
"{'title': 'Menu-heavy command inputs', 'description': 'In complex games like strategy titles or simulators, issuing commands to units often requires navigating through multiple nested menus, which is slow and cumbersome. Voice input can solve this by providing direct shortcuts. A player can simply say ""Unit 3, move to Sector Alpha"" instead of clicking through several UI elements, streamlining complex actions.\n'}","Voice Input - Voice Input is an input method that allows players to control in-game actions by speaking into a microphone. This system uses speech recognition technology to parse player speech and map it to specific commands within the game's control scheme. It is often used as an alternative or supplement to traditional controller or keyboard inputs, allowing for hands-free control of certain actions.",1
"{'title': 'Menu-heavy command inputs', 'description': 'In complex games like strategy titles or simulators, issuing commands to units often requires navigating through multiple nested menus, which is slow and cumbersome. Voice input can solve this by providing direct shortcuts. A player can simply say ""Unit 3, move to Sector Alpha"" instead of clicking through several UI elements, streamlining complex actions.\n'}","Non-linear Story - A Non-linear Story is a narrative structure where major plot points, quests, and story arcs can be completed in an order chosen by the player. Unlike a linear story that follows a fixed A->B->C sequence, a non-linear narrative presents multiple paths that can be pursued in parallel. These paths can converge or influence each other, and player choices can lead to significantly different outcomes.",0
"{'title': 'Menu-heavy command inputs', 'description': 'In complex games like strategy titles or simulators, issuing commands to units often requires navigating through multiple nested menus, which is slow and cumbersome. Voice input can solve this by providing direct shortcuts. A player can simply say ""Unit 3, move to Sector Alpha"" instead of clicking through several UI elements, streamlining complex actions.\n'}","Gesture Recognition - Gesture Recognition is a control scheme that uses a camera or other sensor to track the player's body movements and translate them into in-game actions. The system is programmed to recognize pre-defined physical gestures, like swinging an arm, making a specific pose, or a full-body dance move, and uses them as direct inputs.",0
"{'title': 'Analog stick aiming limitations', 'description': ""Aiming with a traditional analog stick can be slow and imprecise for some players, especially for fine adjustments. Motion controls offer a solution. By allowing the player to make small, intuitive wrist movements to fine-tune their aim ('gyro aiming'), it can provide a level of speed and precision that is difficult to achieve with a thumbstick alone.\n""}","Motion Controls - Motion Controls are a control scheme where the physical movement of the controller itselftilting, swinging, pointing, and shakingis translated into in-game actions. This is typically achieved through accelerometers and gyroscopes embedded within the controller that report its orientation and movement in 3D space.",1
"{'title': 'Analog stick aiming limitations', 'description': ""Aiming with a traditional analog stick can be slow and imprecise for some players, especially for fine adjustments. Motion controls offer a solution. By allowing the player to make small, intuitive wrist movements to fine-tune their aim ('gyro aiming'), it can provide a level of speed and precision that is difficult to achieve with a thumbstick alone.\n""}","PvP - Player versus Player (PvP) is a mode of gameplay where two or more players compete directly against each other, as opposed to against AI-controlled opponents in Player versus Environment (PvE) content. This is the foundation of all competitive multiplayer games, from fighting games to battle royales.",0
"{'title': 'Analog stick aiming limitations', 'description': ""Aiming with a traditional analog stick can be slow and imprecise for some players, especially for fine adjustments. Motion controls offer a solution. By allowing the player to make small, intuitive wrist movements to fine-tune their aim ('gyro aiming'), it can provide a level of speed and precision that is difficult to achieve with a thumbstick alone.\n""}","Combo Input - A Combo Input is a method, primarily in fighting games, that requires the player to perform a specific sequence of directional inputs and button presses within a strict timing window to execute a special move. This can range from simple quarter-circle motions (down, down-forward, forward + punch) to complex, multi-step chains of inputs that require significant muscle memory to perform consistently.",0
"{'title': 'Finite handcrafted content', 'description': 'Manually designing every level and encounter is incredibly time-consuming and results in a finite amount of content that players will eventually exhaust. Procedural generation solves this content-scaling problem. It allows a small team to generate a near-infinite amount of varied gameplay experiences, which is the foundational technology for the roguelike genre.\n'}","Procedural Generation - Procedural Generation is a set of algorithms used to create game content on the fly, rather than manually designing it. This can apply to level layouts, item statistics, character appearances, or entire worlds. By using a combination of rules and randomness (often derived from a ""seed"" value), it can generate vast amounts of unique-feeling content from a limited set of pre-made assets.",1
"{'title': 'Finite handcrafted content', 'description': 'Manually designing every level and encounter is incredibly time-consuming and results in a finite amount of content that players will eventually exhaust. Procedural generation solves this content-scaling problem. It allows a small team to generate a near-infinite amount of varied gameplay experiences, which is the foundational technology for the roguelike genre.\n'}","Adaptive Soundtrack - An Adaptive Soundtrack is a musical score that dynamically changes its intensity, instrumentation, or melody in real-time based on gameplay events. Using a system of musical layers or stems, the game can seamlessly transition between different states, such as 'exploration,' 'tension,' and 'combat.' The audio engine cues these changes based on triggers like an enemy spotting the player or a new area being discovered, ensuring the music always matches the on-screen action.",0
"{'title': 'Finite handcrafted content', 'description': 'Manually designing every level and encounter is incredibly time-consuming and results in a finite amount of content that players will eventually exhaust. Procedural generation solves this content-scaling problem. It allows a small team to generate a near-infinite amount of varied gameplay experiences, which is the foundational technology for the roguelike genre.\n'}","Flocking - Flocking is an AI algorithm that simulates the coordinated, emergent behavior of a group of entities (a ""flock"" or ""swarm""). It's based on a set of simple rules that each individual agent follows, such as separation (avoid crowding neighbors), alignment (steer towards the average heading of neighbors), and cohesion (steer towards the average position of neighbors). The result is complex, natural-looking group movement without scripting each agent's path individually.",0
"{'title': 'Static and predictable game progression', 'description': ""If a game's progression is identical every time, it lacks surprise and replayability. Random events solve this by introducing unpredictable narrative and gameplay shifts. These ensure that no two playthroughs are the same and create emergent stories as players are forced to react to unexpected situations.\n""}","Random Events - A Random Event is a system that triggers unexpected, scripted or semi-scripted occurrences within the game world based on a set of probabilities, hidden timers, or specific player actions. These events are designed to disrupt the normal flow of gameplay and can range from a sudden pirate attack in a strategy game to a unique NPC encounter in an open world.",1
"{'title': 'Static and predictable game progression', 'description': ""If a game's progression is identical every time, it lacks surprise and replayability. Random events solve this by introducing unpredictable narrative and gameplay shifts. These ensure that no two playthroughs are the same and create emergent stories as players are forced to react to unexpected situations.\n""}","Destructible Environments - Destructible Environments are a physics-based system that allows game world geometry, such as walls, cover, and entire buildings, to be dynamically damaged and destroyed by player or AI actions. This creates a battlefield that is not static, but is constantly changing and reacting to the forces of combat. Implementations can range from simple, pre-scripted destruction to fully dynamic, physics-based demolition.",0
"{'title': 'Static and predictable game progression', 'description': ""If a game's progression is identical every time, it lacks surprise and replayability. Random events solve this by introducing unpredictable narrative and gameplay shifts. These ensure that no two playthroughs are the same and create emergent stories as players are forced to react to unexpected situations.\n""}","Base Building - Base Building is a system that allows players to construct persistent, customized structures and settlements using in-game resources. It functions as a core gameplay loop in many survival and sandbox games, offering a functional hub for crafting and storage, as well as a canvas for player creativity. The systems can range from placing pre-fabricated structures to free-form construction using individual pieces like walls and floors.",0
"{'title': 'Repetitive combat loops', 'description': ""It's a design challenge to make fighting the same type of enemy for the hundredth time feel exciting. Randomized loot drops solve this by turning every kill into a potential jackpot. The constant chance of finding a rare and powerful item creates a powerful psychological 'pull' that keeps players engaged in otherwise repetitive combat.\n""}","Loot Drops - A Loot Drop is a system where defeating an enemy or opening a container triggers a random chance to generate one or more items (""loot""). The system is governed by ""loot tables,"" which are data structures that define the possible items that can be generated and their respective probabilities. Item rarity is a key factor, with powerful, ""legendary"" items having a very low drop chance.",1
"{'title': 'Repetitive combat loops', 'description': ""It's a design challenge to make fighting the same type of enemy for the hundredth time feel exciting. Randomized loot drops solve this by turning every kill into a potential jackpot. The constant chance of finding a rare and powerful item creates a powerful psychological 'pull' that keeps players engaged in otherwise repetitive combat.\n""}","Open World Map - An Open World Map is the user interface screen that displays the player's position within a large, non-linear game world. It serves as the primary tool for navigation, allowing players to set custom waypoints, view discovered points of interest, and often track the locations of quests and other activities spread across the expansive game space.",0
"{'title': 'Repetitive combat loops', 'description': ""It's a design challenge to make fighting the same type of enemy for the hundredth time feel exciting. Randomized loot drops solve this by turning every kill into a potential jackpot. The constant chance of finding a rare and powerful item creates a powerful psychological 'pull' that keeps players engaged in otherwise repetitive combat.\n""}","First-Person View - First-Person View is a camera perspective where the viewpoint is placed within the character's head, showing the game world from their eyes. The player character's body is typically not rendered, with the exception of their hands, arms, and any held items like weapons or tools. This perspective offers a direct, unfiltered view of the game world, prioritizing immersion and direct aiming.",0
"{'title': 'Predictable turn-based outcomes', 'description': ""It's a design challenge in turn-based games that if every action has a fixed result, the game can become a solved mathematical puzzle. A dice roll solves this by introducing a core element of chance. It ensures that no two turns are exactly alike and that even a losing player has a chance to turn the tables with a lucky roll.\n""}","Dice Roll - A Dice Roll is a mechanic that uses a random number generator (RNG) to simulate the outcome of rolling one or more dice. The result is typically an integer within a defined range (e.g., 1-6 or 1-20) that directly influences a gameplay outcome. This can include movement distance on a board, the success or failure of an action, or the amount of damage dealt in a tabletop-style RPG.",1
"{'title': 'Predictable turn-based outcomes', 'description': ""It's a design challenge in turn-based games that if every action has a fixed result, the game can become a solved mathematical puzzle. A dice roll solves this by introducing a core element of chance. It ensures that no two turns are exactly alike and that even a losing player has a chance to turn the tables with a lucky roll.\n""}","Modular Construction - Modular Construction is a ""snap-together"" building system that uses a limited set of pre-fabricated, interlocking pieces (like floors, walls, and ramps). These pieces are designed to connect to each other seamlessly, often on a grid system, allowing for rapid and intuitive building. This method contrasts with more granular, free-form systems like voxel-based construction.",0
"{'title': 'Predictable turn-based outcomes', 'description': ""It's a design challenge in turn-based games that if every action has a fixed result, the game can become a solved mathematical puzzle. A dice roll solves this by introducing a core element of chance. It ensures that no two turns are exactly alike and that even a losing player has a chance to turn the tables with a lucky roll.\n""}","Critical Hits - A Critical Hit, or ""crit,"" is a combat mechanic where, based on a random chance (a ""crit rate"" percentage), an attack will deal a significantly increased amount of damage. The damage multiplier (e.g., 200%) and the chance to trigger a crit are often key stats that can be improved by a character's attributes or gear.",0
"{'title': 'Predictable combat outcomes', 'description': 'If every attack deals a fixed amount of damage, combat can become a purely mathematical and predictable exercise. Critical hits solve this by introducing an element of random chance. The possibility of a sudden burst of damage adds a layer of excitement and unpredictability to every encounter, creating memorable high-roll moments.\n'}","Critical Hits - A Critical Hit, or ""crit,"" is a combat mechanic where, based on a random chance (a ""crit rate"" percentage), an attack will deal a significantly increased amount of damage. The damage multiplier (e.g., 200%) and the chance to trigger a crit are often key stats that can be improved by a character's attributes or gear.",1
"{'title': 'Predictable combat outcomes', 'description': 'If every attack deals a fixed amount of damage, combat can become a purely mathematical and predictable exercise. Critical hits solve this by introducing an element of random chance. The possibility of a sudden burst of damage adds a layer of excitement and unpredictability to every encounter, creating memorable high-roll moments.\n'}","Voice Input - Voice Input is an input method that allows players to control in-game actions by speaking into a microphone. This system uses speech recognition technology to parse player speech and map it to specific commands within the game's control scheme. It is often used as an alternative or supplement to traditional controller or keyboard inputs, allowing for hands-free control of certain actions.",0
"{'title': 'Predictable combat outcomes', 'description': 'If every attack deals a fixed amount of damage, combat can become a purely mathematical and predictable exercise. Critical hits solve this by introducing an element of random chance. The possibility of a sudden burst of damage adds a layer of excitement and unpredictability to every encounter, creating memorable high-roll moments.\n'}","Dynamic Tooltips - A Dynamic Tooltip is an information-rich popup that appears when the player hovers their cursor over a UI element, such as an item in their inventory or an ability on their hotbar. These tooltips are ""dynamic"" because they update in real-time to reflect how an item's stats would change based on the player's current attributes, buffs, or even a comparison with their currently equipped gear.",0
"{'title': 'Static and exploitable economies', 'description': 'If item prices are fixed, players will inevitably find the single most profitable activity and grind it exclusively, breaking the economy. A supply and demand system solves this. It creates a dynamic, self-regulating economy where over-saturating the market with one item makes it less profitable, encouraging players to diversify their activities.\n'}","Supply and Demand - Supply and Demand is a simulation model where the prices of goods and services within a game economy are not fixed, but fluctuate dynamically. Prices are determined by their availability (supply) and the players' or NPCs' need for them (demand). High supply and low demand drive prices down, while low supply and high demand drive them up, creating a self-regulating market.",1
"{'title': 'Static and exploitable economies', 'description': 'If item prices are fixed, players will inevitably find the single most profitable activity and grind it exclusively, breaking the economy. A supply and demand system solves this. It creates a dynamic, self-regulating economy where over-saturating the market with one item makes it less profitable, encouraging players to diversify their activities.\n'}","Perk System - A Perk System is a progression system where players can unlock specific, named abilities or passive bonuses (""perks"") that provide unique gameplay advantages. Unlike simple stat increases from leveling up, perks often grant new capabilities (e.g., ""pick any lock"") or significantly alter existing ones (e.g., ""pistols now fire in a burst""). They are the primary tool for creating distinct character builds.",0
"{'title': 'Static and exploitable economies', 'description': 'If item prices are fixed, players will inevitably find the single most profitable activity and grind it exclusively, breaking the economy. A supply and demand system solves this. It creates a dynamic, self-regulating economy where over-saturating the market with one item makes it less profitable, encouraging players to diversify their activities.\n'}","Voice Chat - Voice Chat is a system, either native to the game or integrated via a platform service (like Steam Voice or Discord), that allows players in the same session to communicate in real-time using a microphone. It provides a direct, high-bandwidth channel for communication that is far more efficient than text-based chat or in-game ping systems.",0
"{'title': 'Post-launch revenue model', 'description': ""It's a difficult business problem to fund continuous development for a live-service game after its initial launch. Microtransactions provide a model for ongoing revenue. This allows the designer to fund the game as a continuous service, providing regular updates and new content financed by a dedicated player base.\n""}","Microtransactions - Microtransactions are a system that allows players to purchase in-game content or currency using real-world money. These transactions are handled through a digital storefront integrated into the game client. The content sold can range from purely cosmetic items (like character skins), to quality-of-life improvements, to items that offer a direct gameplay advantage, the implementation of which is a key design and ethical consideration.",1
"{'title': 'Post-launch revenue model', 'description': ""It's a difficult business problem to fund continuous development for a live-service game after its initial launch. Microtransactions provide a model for ongoing revenue. This allows the designer to fund the game as a continuous service, providing regular updates and new content financed by a dedicated player base.\n""}","Base Building - Base Building is a system that allows players to construct persistent, customized structures and settlements using in-game resources. It functions as a core gameplay loop in many survival and sandbox games, offering a functional hub for crafting and storage, as well as a canvas for player creativity. The systems can range from placing pre-fabricated structures to free-form construction using individual pieces like walls and floors.",0
"{'title': 'Post-launch revenue model', 'description': ""It's a difficult business problem to fund continuous development for a live-service game after its initial launch. Microtransactions provide a model for ongoing revenue. This allows the designer to fund the game as a continuous service, providing regular updates and new content financed by a dedicated player base.\n""}","In-Game Currency - An In-Game Currency is a fungible, universally accepted medium of exchange within the game world (e.g., gold, credits, dollars). It acts as a standardized measure of value for goods and services, forming the backbone of any game economy. It is typically awarded to the player for completing activities and is spent on items, upgrades, and services provided by NPCs or other players.",0
"{'title': 'Inefficient player-to-player trade', 'description': ""It's a design challenge to facilitate trade in a persistent online world, as requiring players to meet in-game is inefficient and depends on both parties being online simultaneously. An auction house solves this by creating a centralized, asynchronous marketplace, allowing for a fluid, 24/7 player economy without the logistical headache of direct bartering.\n""}","Auction House - An Auction House is a centralized, asynchronous marketplace system in a multiplayer game. It allows players to list items for sale for a set duration, and other players can then place bids or purchase the item outright for a ""buyout"" price. This system automates player-to-player trade, removing the need for both parties to be online and meet in the same location to conduct an exchange.",1
"{'title': 'Inefficient player-to-player trade', 'description': ""It's a design challenge to facilitate trade in a persistent online world, as requiring players to meet in-game is inefficient and depends on both parties being online simultaneously. An auction house solves this by creating a centralized, asynchronous marketplace, allowing for a fluid, 24/7 player economy without the logistical headache of direct bartering.\n""}","Ragdoll Physics - Ragdoll Physics is a procedural animation system that takes over a character's model upon death, incapacitation, or major impact. Instead of playing a pre-canned, static animation, the character's body becomes a collection of rigid bodies connected by joints. This ""ragdoll"" then reacts realistically to the forces applied to it, causing it to tumble down stairs, slump over ledges, or be thrown by an explosion in a unique, unscripted way every time.",0
"{'title': 'Inefficient player-to-player trade', 'description': ""It's a design challenge to facilitate trade in a persistent online world, as requiring players to meet in-game is inefficient and depends on both parties being online simultaneously. An auction house solves this by creating a centralized, asynchronous marketplace, allowing for a fluid, 24/7 player economy without the logistical headache of direct bartering.\n""}","Minimap - A Minimap is a small, real-time map of the player's immediate surroundings, displayed as a persistent element of the HUD, typically in a corner of the screen. It shows the player's position and orientation, nearby points of interest, quest objectives, and sometimes the position of enemies. It provides crucial navigational and situational awareness at a glance.",0
"{'title': 'Bartering system limitations', 'description': 'A pure bartering system (trading items for items) is cumbersome because it requires a ""coincidence of wants""both players must have something the other desires. In-game currency solves this. It provides a universal medium of exchange, allowing players to sell what they have and buy what they need without finding a perfect trading partner.\n'}","In-Game Currency - An In-Game Currency is a fungible, universally accepted medium of exchange within the game world (e.g., gold, credits, dollars). It acts as a standardized measure of value for goods and services, forming the backbone of any game economy. It is typically awarded to the player for completing activities and is spent on items, upgrades, and services provided by NPCs or other players.",1
"{'title': 'Bartering system limitations', 'description': 'A pure bartering system (trading items for items) is cumbersome because it requires a ""coincidence of wants""both players must have something the other desires. In-game currency solves this. It provides a universal medium of exchange, allowing players to sell what they have and buy what they need without finding a perfect trading partner.\n'}","Flocking - Flocking is an AI algorithm that simulates the coordinated, emergent behavior of a group of entities (a ""flock"" or ""swarm""). It's based on a set of simple rules that each individual agent follows, such as separation (avoid crowding neighbors), alignment (steer towards the average heading of neighbors), and cohesion (steer towards the average position of neighbors). The result is complex, natural-looking group movement without scripting each agent's path individually.",0
"{'title': 'Player specialization imbalance', 'description': ""In games with specialized professions (e.g., blacksmith, alchemist), one player cannot do everything. This can be a frustrating roadblock if they need an item they can't craft. A trade system solves this by fostering interdependence. It allows specialists to profit from their skills and enables other players to acquire what they need, creating a healthy, cooperative community.\n""}","Trade System - A Trade System is the set of rules and user interface elements that facilitates the direct exchange of items or currency between two or more parties, such as player-to-player or player-to-NPC. This can include simple two-player trading windows with an ""accept"" button to prevent scams, complex bartering systems with NPCs, or large-scale cargo hauling between different regions in a game world.",1
"{'title': 'Player specialization imbalance', 'description': ""In games with specialized professions (e.g., blacksmith, alchemist), one player cannot do everything. This can be a frustrating roadblock if they need an item they can't craft. A trade system solves this by fostering interdependence. It allows specialists to profit from their skills and enables other players to acquire what they need, creating a healthy, cooperative community.\n""}","Invisibility - Invisibility is a stealth-oriented mechanic that masks the player character from enemy sight, enabling strategic repositioning or bypassing encounters. The implementation can range from complete visual concealment to a partial ""predator-style"" shimmer, often achieved with distortion or fresnel shaders that bend light around the character model. This visual cue is a key balancing factor, as it allows highly attentive enemies to spot movement.  Beyond the visual aspect, invisibility systems are tightly integrated with the AI's sensory logic. Enemies might not see the player, but may still react to secondary stimuli like sound or environmental disturbances. Balancing is critical and typically involves limitations like a finite duration, a depletable energy pool, or the effect immediately breaking upon an aggressive action.",0
"{'title': 'Player specialization imbalance', 'description': ""In games with specialized professions (e.g., blacksmith, alchemist), one player cannot do everything. This can be a frustrating roadblock if they need an item they can't craft. A trade system solves this by fostering interdependence. It allows specialists to profit from their skills and enables other players to acquire what they need, creating a healthy, cooperative community.\n""}","Branching Dialogue - Branching Dialogue is an interactive conversation system where the player is presented with multiple response options when talking to an NPC. The player's choice can lead to different conversational paths, reveal unique information, alter their relationship with the NPC, and in some cases, cause major diversions in the main story. It is often visualized as a ""dialogue tree.""",0
"{'title': 'Aiming vs situational awareness conflict', 'description': 'First-person offers perfect aiming but a narrow view, while a traditional distant third-person view offers a wide view but makes aiming imprecise. The over-the-shoulder view is the design solution to this conflict. It offers a clear, unobstructed line of sight for aiming while still keeping the player character in frame for strong situational awareness.\n'}","Over-the-Shoulder - An Over-the-Shoulder view is a specific type of third-person perspective where the camera is positioned closely behind and slightly to one side of the player character. This view typically frames the character from the waist up, providing a clear line of sight past them that is ideal for aiming ranged weapons, while still keeping the player character visible for situational awareness.",1
"{'title': 'Aiming vs situational awareness conflict', 'description': 'First-person offers perfect aiming but a narrow view, while a traditional distant third-person view offers a wide view but makes aiming imprecise. The over-the-shoulder view is the design solution to this conflict. It offers a clear, unobstructed line of sight for aiming while still keeping the player character in frame for strong situational awareness.\n'}","Motion Controls - Motion Controls are a control scheme where the physical movement of the controller itselftilting, swinging, pointing, and shakingis translated into in-game actions. This is typically achieved through accelerometers and gyroscopes embedded within the controller that report its orientation and movement in 3D space.",0
"{'title': 'Aiming vs situational awareness conflict', 'description': 'First-person offers perfect aiming but a narrow view, while a traditional distant third-person view offers a wide view but makes aiming imprecise. The over-the-shoulder view is the design solution to this conflict. It offers a clear, unobstructed line of sight for aiming while still keeping the player character in frame for strong situational awareness.\n'}","Cover Shooting - Cover Shooting is a combat style that merges a Cover System with ranged combat mechanics. It allows a character to ""stick"" to environmental objects for protection, and from that safe position, perform a variety of actions like peeking out to aim, firing blindly over the top, or moving to adjacent cover points. It is the defining mechanic of many modern third-person shooters.",0
"{'title': 'Missing critical visual information', 'description': ""It's a design challenge that during a key story moment, the player might be looking in the wrong direction and miss the important event. A cinematic camera solves this by temporarily taking control to frame the action perfectly. It ensures every player sees the critical narrative beat exactly as the designer intended.\n""}","Cinematic Camera - A Cinematic Camera is a system that temporarily wrests camera control from the player to enforce a specific, pre-authored angle, pan, or tracking shot. It is a directorial tool used by developers during scripted sequences or key story moments. By dictating the camera's behavior, the system can guarantee a dramatic presentation, highlight important details, or guide the player's focus, much like a film director framing a shot.",1
"{'title': 'Missing critical visual information', 'description': ""It's a design challenge that during a key story moment, the player might be looking in the wrong direction and miss the important event. A cinematic camera solves this by temporarily taking control to frame the action perfectly. It ensures every player sees the critical narrative beat exactly as the designer intended.\n""}","First-Person View - First-Person View is a camera perspective where the viewpoint is placed within the character's head, showing the game world from their eyes. The player character's body is typically not rendered, with the exception of their hands, arms, and any held items like weapons or tools. This perspective offers a direct, unfiltered view of the game world, prioritizing immersion and direct aiming.",0
"{'title': 'Missing critical visual information', 'description': ""It's a design challenge that during a key story moment, the player might be looking in the wrong direction and miss the important event. A cinematic camera solves this by temporarily taking control to frame the action perfectly. It ensures every player sees the critical narrative beat exactly as the designer intended.\n""}","Crafting Materials - Crafting Materials are a category of items whose sole purpose is to be consumed in a crafting recipe to produce another item. These materials, such as ore, wood, leather, or herbs, are gathered from the game world and form the fundamental building blocks of the in-game economy and player-driven production. They typically have no use on their own and exist only to be transformed.",0
"{'title': 'Chaotic 3d melee combat', 'description': ""It's a classic design problem: fighting fast-moving enemies in a 3D space requires the player to manage both their character's position and the camera's orientation simultaneously. A lock-on system solves this. It automates the difficult task of camera management, allowing the player to focus purely on the tactical decisions of attacking and defending.\n""}","Lock-On - A Lock-On is a camera and targeting system that, when activated by the player on a specific enemy, forces the game camera to remain focused on that target. Player movement and attacks then become relative to the locked-on enemy (e.g., pushing left on the stick strafes around the enemy). It is a foundational mechanic for readable, one-on-one combat in a 3D space.",1
"{'title': 'Chaotic 3d melee combat', 'description': ""It's a classic design problem: fighting fast-moving enemies in a 3D space requires the player to manage both their character's position and the camera's orientation simultaneously. A lock-on system solves this. It automates the difficult task of camera management, allowing the player to focus purely on the tactical decisions of attacking and defending.\n""}","Social Hubs - A Social Hub is a specific, often non-combat area within a game world designated as a central meeting place for players. These hubs are intentionally designed to encourage social interaction and typically contain key vendors, quest givers, banks, and other essential services, ensuring a high volume of player traffic.",0
"{'title': 'Chaotic 3d melee combat', 'description': ""It's a classic design problem: fighting fast-moving enemies in a 3D space requires the player to manage both their character's position and the camera's orientation simultaneously. A lock-on system solves this. It automates the difficult task of camera management, allowing the player to focus purely on the tactical decisions of attacking and defending.\n""}","Critical Hits - A Critical Hit, or ""crit,"" is a combat mechanic where, based on a random chance (a ""crit rate"" percentage), an attack will deal a significantly increased amount of damage. The damage multiplier (e.g., 200%) and the chance to trigger a crit are often key stats that can be improved by a character's attributes or gear.",0
"{'title': 'Player-character disconnect', 'description': ""A third-person view can create a sense of controlling a puppet or avatar rather than being the character. A first-person view solves this by directly placing the player within the character's body. This creates a powerful sense of immersion and presence, as the player sees the world directly through the character's eyes.\n""}","First-Person View - First-Person View is a camera perspective where the viewpoint is placed within the character's head, showing the game world from their eyes. The player character's body is typically not rendered, with the exception of their hands, arms, and any held items like weapons or tools. This perspective offers a direct, unfiltered view of the game world, prioritizing immersion and direct aiming.",1
"{'title': 'Player-character disconnect', 'description': ""A third-person view can create a sense of controlling a puppet or avatar rather than being the character. A first-person view solves this by directly placing the player within the character's body. This creates a powerful sense of immersion and presence, as the player sees the world directly through the character's eyes.\n""}","Secret Areas - Secret Areas are hidden locations within the game world that are not marked on the map and often require keen observation or unconventional use of game mechanics to find. These areas typically contain valuable loot, unique encounters, or narrative easter eggs as a reward for thorough exploration. They are intentionally placed off the main path to reward player curiosity.",0
"{'title': 'Player-character disconnect', 'description': ""A third-person view can create a sense of controlling a puppet or avatar rather than being the character. A first-person view solves this by directly placing the player within the character's body. This creates a powerful sense of immersion and presence, as the player sees the world directly through the character's eyes.\n""}","Adaptive Soundtrack - An Adaptive Soundtrack is a musical score that dynamically changes its intensity, instrumentation, or melody in real-time based on gameplay events. Using a system of musical layers or stems, the game can seamlessly transition between different states, such as 'exploration,' 'tension,' and 'combat.' The audio engine cues these changes based on triggers like an enemy spotting the player or a new area being discovered, ensuring the music always matches the on-screen action.",0
"{'title': 'Limited player expression', 'description': ""Players often want to capture and share their unique experiences, but the standard game camera is restrictive and utilitarian. A free camera, especially in a 'Photo Mode,' provides a creative toolset for players to engage with the game world non-destructively. It fosters community engagement by turning the game into a virtual photography studio.\n""}","Free Camera - A Free Camera is a mode, often distinct from normal gameplay, where the player can detach the viewpoint from the character and move it independently through the 3D space. This mode frequently includes a suite of photographic tools, such as field-of-view (FoV) adjustment, depth of field controls, color filters, and the ability to pause or advance time. It is the core component of a ""Photo Mode.""",1
"{'title': 'Limited player expression', 'description': ""Players often want to capture and share their unique experiences, but the standard game camera is restrictive and utilitarian. A free camera, especially in a 'Photo Mode,' provides a creative toolset for players to engage with the game world non-destructively. It fosters community engagement by turning the game into a virtual photography studio.\n""}","Open World Map - An Open World Map is the user interface screen that displays the player's position within a large, non-linear game world. It serves as the primary tool for navigation, allowing players to set custom waypoints, view discovered points of interest, and often track the locations of quests and other activities spread across the expansive game space.",0
"{'title': 'Limited player expression', 'description': ""Players often want to capture and share their unique experiences, but the standard game camera is restrictive and utilitarian. A free camera, especially in a 'Photo Mode,' provides a creative toolset for players to engage with the game world non-destructively. It fosters community engagement by turning the game into a virtual photography studio.\n""}","Dynamic Tooltips - A Dynamic Tooltip is an information-rich popup that appears when the player hovers their cursor over a UI element, such as an item in their inventory or an ability on their hotbar. These tooltips are ""dynamic"" because they update in real-time to reflect how an item's stats would change based on the player's current attributes, buffs, or even a comparison with their currently equipped gear.",0
"{'title': 'Post-combat downtime', 'description': ""After a fight, a low-health player must stop all forward momentum to find healing items, which can kill the game's pacing. Regeneration solves this by automatically restoring health after a short delay once combat ends. This allows designers to string encounters together more closely and maintain a high-tempo pace.\n""}; {'title': 'Resource deadlock', 'description': 'Using finite healing items risks putting players in an unwinnable state; a player who uses too many health packs early cannot finish the level. Regeneration provides a baseline recovery method that acts as a safety net. This frees the designer from having to meticulously map out consumable placement and protects the player from being permanently punished for early mistakes.\n'}","Regeneration - Regeneration is a passive character attribute that automatically restores Health Points (HP) over time. Its implementation is governed by key design levers: the rate (HP restored per second), the delay (time required out of combat before regeneration begins), and interruptibility (whether taking damage resets the delay). Unlike the burst-healing of consumable items, regeneration provides a slow, continuous resource flow that fundamentally changes the pacing between combat encounters.",1
"{'title': 'Post-combat downtime', 'description': ""After a fight, a low-health player must stop all forward momentum to find healing items, which can kill the game's pacing. Regeneration solves this by automatically restoring health after a short delay once combat ends. This allows designers to string encounters together more closely and maintain a high-tempo pace.\n""}; {'title': 'Resource deadlock', 'description': 'Using finite healing items risks putting players in an unwinnable state; a player who uses too many health packs early cannot finish the level. Regeneration provides a baseline recovery method that acts as a safety net. This frees the designer from having to meticulously map out consumable placement and protects the player from being permanently punished for early mistakes.\n'}","Resource Combination - Resource Combination is a crafting system where players create new items by placing specific raw materials in a pre-defined pattern or recipe, often using a crafting grid or menu. The core gameplay loop involves exploring the world to gather diverse ingredients (wood, stone, ore, plants, etc.) and then using them to produce tools, equipment, or structures. It is the foundational mechanic of the survival-crafting genre.",0
"{'title': 'Post-combat downtime', 'description': ""After a fight, a low-health player must stop all forward momentum to find healing items, which can kill the game's pacing. Regeneration solves this by automatically restoring health after a short delay once combat ends. This allows designers to string encounters together more closely and maintain a high-tempo pace.\n""}; {'title': 'Resource deadlock', 'description': 'Using finite healing items risks putting players in an unwinnable state; a player who uses too many health packs early cannot finish the level. Regeneration provides a baseline recovery method that acts as a safety net. This frees the designer from having to meticulously map out consumable placement and protects the player from being permanently punished for early mistakes.\n'}","Map Expansion - Map Expansion is a narrative and world-design technique where sections of the game map are initially inaccessible to the player and are unlocked as they reach certain milestones in the story or progression. This is often represented by a ""fog of war"" that gets cleared, but can also be a literal barrier that is removed, revealing a new region of the world.",0
"{'title': 'Hyper-passive playstyles', 'description': ""Some players naturally avoid risk, leading to slow, defensive 'turtling' strategies. Rage Mode solves this by creating a positive feedback loop where aggressive play directly fuels a powerful reward. This incentivizes proactive combat and discourages stagnant gameplay.\n""}; {'title': 'Difficulty spikes', 'description': 'It can be hard to balance a game for all skill levels, and a sudden challenge can halt a player\'s progress. Rage Mode acts as an on-demand ""power boost,"" giving players a tool to overcome a difficult sequence without requiring the designer to implement a dynamic difficulty system.\n'}","Rage Mode - Rage Mode is a combat-focused state change that provides a significant, temporary surge in power. It functions as a comeback mechanic or a reward for aggressive play, typically fueled by a meter that fills as the player deals and/or receives damage. Activating it transforms the player character, often unlocking new attacks or granting invulnerability.  The feeling of power is conveyed through dramatic audio-visual transformations, like changes to the character model or sound design. Designers often balance it with trade-offs, such as a loss of fine control or a temporary debuff after the effect wears off, creating a risk-reward loop.",1
"{'title': 'Hyper-passive playstyles', 'description': ""Some players naturally avoid risk, leading to slow, defensive 'turtling' strategies. Rage Mode solves this by creating a positive feedback loop where aggressive play directly fuels a powerful reward. This incentivizes proactive combat and discourages stagnant gameplay.\n""}; {'title': 'Difficulty spikes', 'description': 'It can be hard to balance a game for all skill levels, and a sudden challenge can halt a player\'s progress. Rage Mode acts as an on-demand ""power boost,"" giving players a tool to overcome a difficult sequence without requiring the designer to implement a dynamic difficulty system.\n'}","Interact - The Interact mechanic is the fundamental bridge between the player and the game world's objects, characters, and systems. The implementation is context-sensitive: the game engine detects when the player is near an interactable entity and presents a prompt for a specific action. This can range from a single-button system where the game determines the action to a menu-based system that offers the player multiple choices.  Advanced implementations include 'held' interactions, where holding a button for a duration creates tension or represents effort, such as reviving a teammate or disarming a trap.",0
"{'title': 'Hyper-passive playstyles', 'description': ""Some players naturally avoid risk, leading to slow, defensive 'turtling' strategies. Rage Mode solves this by creating a positive feedback loop where aggressive play directly fuels a powerful reward. This incentivizes proactive combat and discourages stagnant gameplay.\n""}; {'title': 'Difficulty spikes', 'description': 'It can be hard to balance a game for all skill levels, and a sudden challenge can halt a player\'s progress. Rage Mode acts as an on-demand ""power boost,"" giving players a tool to overcome a difficult sequence without requiring the designer to implement a dynamic difficulty system.\n'}","Cinematic Camera - A Cinematic Camera is a system that temporarily wrests camera control from the player to enforce a specific, pre-authored angle, pan, or tracking shot. It is a directorial tool used by developers during scripted sequences or key story moments. By dictating the camera's behavior, the system can guarantee a dramatic presentation, highlight important details, or guide the player's focus, much like a film director framing a shot.",0
"{'title': 'Narrow skill checks', 'description': 'A specific combat or traversal sequence can be too difficult for a portion of the player base, creating a frustrating roadblock. Invisibility functions as a player-controlled bypass for these moments. It allows a struggling player to get past a high-difficulty area without the designer needing to implement a complex dynamic difficulty system or lower the challenge for more skilled players.\n'}","Invisibility - Invisibility is a stealth-oriented mechanic that masks the player character from enemy sight, enabling strategic repositioning or bypassing encounters. The implementation can range from complete visual concealment to a partial ""predator-style"" shimmer, often achieved with distortion or fresnel shaders that bend light around the character model. This visual cue is a key balancing factor, as it allows highly attentive enemies to spot movement.  Beyond the visual aspect, invisibility systems are tightly integrated with the AI's sensory logic. Enemies might not see the player, but may still react to secondary stimuli like sound or environmental disturbances. Balancing is critical and typically involves limitations like a finite duration, a depletable energy pool, or the effect immediately breaking upon an aggressive action.",1
"{'title': 'Narrow skill checks', 'description': 'A specific combat or traversal sequence can be too difficult for a portion of the player base, creating a frustrating roadblock. Invisibility functions as a player-controlled bypass for these moments. It allows a struggling player to get past a high-difficulty area without the designer needing to implement a complex dynamic difficulty system or lower the challenge for more skilled players.\n'}","Dynamic Tooltips - A Dynamic Tooltip is an information-rich popup that appears when the player hovers their cursor over a UI element, such as an item in their inventory or an ability on their hotbar. These tooltips are ""dynamic"" because they update in real-time to reflect how an item's stats would change based on the player's current attributes, buffs, or even a comparison with their currently equipped gear.",0
"{'title': 'Narrow skill checks', 'description': 'A specific combat or traversal sequence can be too difficult for a portion of the player base, creating a frustrating roadblock. Invisibility functions as a player-controlled bypass for these moments. It allows a struggling player to get past a high-difficulty area without the designer needing to implement a complex dynamic difficulty system or lower the challenge for more skilled players.\n'}","Discovery - Discovery is the overarching system of rewarding players for the act of exploring the game world. This is not just about finding new locations, but often involves mechanics like scanning flora and fauna, charting star systems, or finding lore items that fill out a codex or journal. The system provides tangible rewards and progression for player curiosity.",0
"{'title': 'Unwinnable rooms', 'description': ""It's a design challenge to create a cinematic moment where the player faces overwhelming odds (e.g., 1 vs. 10) without it being mathematically impossible. Bullet Time solves this impasse by giving the player the necessary time to assess threats and neutralize multiple enemies before they can fire back, making the scenario possible without nerfing the enemies.\n""}; {'title': 'Lack of dramatic moments', 'description': ""In most games, players can't perform stylish, athletic moves like diving through the air while also aiming precisely. This prevents fluid, mobile gunplay seen in action movies. Bullet Time resolves this by slowing the world, allowing the player to line up perfect shots while their character is in the middle of an otherwise uncontrollable acrobatic maneuver.\n""}","Bullet Time - Bullet Time is a time-dilation mechanic that fundamentally alters the game's pacing, granting the player a temporary but significant tactical advantage. The core implementation involves scaling down the global game clock, affecting everything from enemy movement and projectile speed to environmental physics. Crucially, player input processingsuch as aiming and shootingremains close to a 1:1 response time. This creates a disparity where the player can perceive and act within a slowed-down world.  Effective Bullet Time relies heavily on strong audio-visual feedback. Common techniques include desaturating the screen's color palette, adding motion blur or tracer effects to fast-moving objects, and muffling ambient audio while emphasizing key sounds like heartbeats or bullet impacts. The activation is often tied to a depletable resource meter to encourage strategic use.",1
"{'title': 'Unwinnable rooms', 'description': ""It's a design challenge to create a cinematic moment where the player faces overwhelming odds (e.g., 1 vs. 10) without it being mathematically impossible. Bullet Time solves this impasse by giving the player the necessary time to assess threats and neutralize multiple enemies before they can fire back, making the scenario possible without nerfing the enemies.\n""}; {'title': 'Lack of dramatic moments', 'description': ""In most games, players can't perform stylish, athletic moves like diving through the air while also aiming precisely. This prevents fluid, mobile gunplay seen in action movies. Bullet Time resolves this by slowing the world, allowing the player to line up perfect shots while their character is in the middle of an otherwise uncontrollable acrobatic maneuver.\n""}","Upgrade Resources - Upgrade Resources are a specific category of non-crafting materials whose sole purpose is to be spent to enhance existing items or abilities. These materials are often rare, non-interchangeable, and tied to specific end-game activities, acting as a primary driver for long-term player progression and investment in their gear.",0
"{'title': 'Unwinnable rooms', 'description': ""It's a design challenge to create a cinematic moment where the player faces overwhelming odds (e.g., 1 vs. 10) without it being mathematically impossible. Bullet Time solves this impasse by giving the player the necessary time to assess threats and neutralize multiple enemies before they can fire back, making the scenario possible without nerfing the enemies.\n""}; {'title': 'Lack of dramatic moments', 'description': ""In most games, players can't perform stylish, athletic moves like diving through the air while also aiming precisely. This prevents fluid, mobile gunplay seen in action movies. Bullet Time resolves this by slowing the world, allowing the player to line up perfect shots while their character is in the middle of an otherwise uncontrollable acrobatic maneuver.\n""}","Map Expansion - Map Expansion is a narrative and world-design technique where sections of the game map are initially inaccessible to the player and are unlocked as they reach certain milestones in the story or progression. This is often represented by a ""fog of war"" that gets cleared, but can also be a literal barrier that is removed, revealing a new region of the world.",0
"{'title': 'Hyper-passive playstyles', 'description': 'When health is a scarce, non-regenerating resource, players play overly cautiously to conserve it. A regenerating shield solves this by providing a replenishing buffer for minor damage. This encourages players to engage in fights without fear of permanently depleting their core survivability resource.\n'}; {'title': 'Frustration with difficult enemies', 'description': ""High-damage enemies like snipers can kill a player instantly from full health, which feels cheap. A shield system, especially with 'shield gating,' prevents these one-shot deaths. This guarantees the player can survive at least one major mistake, giving them a chance to learn the threat and react.\n""}","Shield - A Shield is a layer of damage mitigation that sits on top of a character's core health pool, designed to absorb damage before it becomes permanent. The most common implementation is a regenerating energy shield, defined by key design levers: its total capacity, the ""recharge delay"" (time required out of combat to recover), and the ""recharge rate."" A second type is a finite shield, like armor plating, that provides a non-regenerating block of protection.  Effective shield design requires clear player feedback, including distinct audio cues for shield versus health damage and a prominent ""shatter"" effect when it breaks. Advanced systems include ""shield gating,"" a critical mechanic where any amount of shield absorbs a full instance of damage to prevent one-shot kills.",1
"{'title': 'Hyper-passive playstyles', 'description': 'When health is a scarce, non-regenerating resource, players play overly cautiously to conserve it. A regenerating shield solves this by providing a replenishing buffer for minor damage. This encourages players to engage in fights without fear of permanently depleting their core survivability resource.\n'}; {'title': 'Frustration with difficult enemies', 'description': ""High-damage enemies like snipers can kill a player instantly from full health, which feels cheap. A shield system, especially with 'shield gating,' prevents these one-shot deaths. This guarantees the player can survive at least one major mistake, giving them a chance to learn the threat and react.\n""}","Skill Trees - A Skill Tree is a visual representation of a character's progression path, where skills and abilities are laid out in a branching, tree-like structure. Players spend points (often earned by leveling up) to unlock nodes on the tree. More powerful abilities are typically located further down a branch, requiring investment in prerequisite, lower-tier skills to reach them.",0
"{'title': 'Hyper-passive playstyles', 'description': 'When health is a scarce, non-regenerating resource, players play overly cautiously to conserve it. A regenerating shield solves this by providing a replenishing buffer for minor damage. This encourages players to engage in fights without fear of permanently depleting their core survivability resource.\n'}; {'title': 'Frustration with difficult enemies', 'description': ""High-damage enemies like snipers can kill a player instantly from full health, which feels cheap. A shield system, especially with 'shield gating,' prevents these one-shot deaths. This guarantees the player can survive at least one major mistake, giving them a chance to learn the threat and react.\n""}","Script Extensibility - Script Extensibility is the capacity for a game's engine to be modified by user-created scripts. This is often enabled through an exposed Application Programming Interface (API) or a dedicated scripting language (like Lua or Papyrus). This allows modders to go beyond simple asset swaps and fundamentally alter or add new gameplay logic, AI behaviors, and complex mechanics that were not present in the original game.",0
"{'title': 'Lack of player feedback', 'description': ""Sometimes visual feedback alone isn't enough to make a player's actions feel significant. Dynamic Music can solve this by tying a unique musical sting or flourish to a specific action, like solving a puzzle or discovering a secret location. This provides an additional layer of satisfying, non-diegetic feedback that reinforces the player's success.\n""}","Dynamic Music - Dynamic Music is a broad term for any musical score that changes in response to gameplay, but it often refers to systems where specific musical cues or motifs are tied to player actions or discoveries. This can be more granular than a fully adaptive soundtrack. For example, a specific melody might play only when a certain character is on-screen, or a percussion layer might be added when the player starts sprinting. It creates a more interactive and responsive musical experience.",1
"{'title': 'Lack of player feedback', 'description': ""Sometimes visual feedback alone isn't enough to make a player's actions feel significant. Dynamic Music can solve this by tying a unique musical sting or flourish to a specific action, like solving a puzzle or discovering a secret location. This provides an additional layer of satisfying, non-diegetic feedback that reinforces the player's success.\n""}",Matchmaking - Matchmaking is an automated system that groups players together for online matches. A skill-based matchmaking (SBMM) system uses a player's performance metrics (like a hidden rating or visible rank) to attempt to create balanced teams and fair matches. Simpler systems may just prioritize finding a game as quickly as possible.,0
"{'title': 'Lack of player feedback', 'description': ""Sometimes visual feedback alone isn't enough to make a player's actions feel significant. Dynamic Music can solve this by tying a unique musical sting or flourish to a specific action, like solving a puzzle or discovering a secret location. This provides an additional layer of satisfying, non-diegetic feedback that reinforces the player's success.\n""}","Workshop Integration - Workshop Integration is a system that directly integrates a centralized, user-friendly content distribution platform (like the Steam Workshop) into the game client or launcher. This allows players to easily browse, subscribe to, download, and manage mods and other user-generated content with a single click, automating what was once a complex, manual installation process.",0
"{'title': 'Menu-heavy command inputs', 'description': 'In complex games like strategy titles or simulators, issuing commands to units often requires navigating through multiple nested menus, which is slow and cumbersome. Voice Commands can solve this by providing direct shortcuts. A player can simply say ""Unit 3, move to Sector Alpha"" instead of clicking through several UI elements, streamlining complex actions.\n'}","Voice Commands - Voice Commands are an input method that allows players to control in-game actions by speaking into a microphone. This system uses speech recognition technology to parse player speech and map it to specific commands within the game's control scheme. It is often used as an alternative or supplement to traditional controller or keyboard inputs, allowing for hands-free control of certain actions, like commanding squad mates or navigating menus.",1
"{'title': 'Menu-heavy command inputs', 'description': 'In complex games like strategy titles or simulators, issuing commands to units often requires navigating through multiple nested menus, which is slow and cumbersome. Voice Commands can solve this by providing direct shortcuts. A player can simply say ""Unit 3, move to Sector Alpha"" instead of clicking through several UI elements, streamlining complex actions.\n'}","Quick Time Combat - Quick Time Combat is the specific application of Quick Time Events (QTEs) within a combat encounter, often as a finishing move or a way to handle a large, unique enemy. Instead of using the standard combat controls, the player is prompted with a series of timed button presses to execute a pre-scripted, cinematic combat animation. Success usually results in defeating the enemy, while failure may deal damage or reset the sequence.",0
"{'title': 'Menu-heavy command inputs', 'description': 'In complex games like strategy titles or simulators, issuing commands to units often requires navigating through multiple nested menus, which is slow and cumbersome. Voice Commands can solve this by providing direct shortcuts. A player can simply say ""Unit 3, move to Sector Alpha"" instead of clicking through several UI elements, streamlining complex actions.\n'}","Trade System - A Trade System is the set of rules and user interface elements that facilitates the direct exchange of items or currency between two or more parties, such as player-to-player or player-to-NPC. This can include simple two-player trading windows with an ""accept"" button to prevent scams, complex bartering systems with NPCs, or large-scale cargo hauling between different regions in a game world.",0
"{'title': 'Lifeless game worlds', 'description': ""A visually detailed game world can feel sterile and empty if it's silent. Ambient Audio solves this by providing a constant soundscape. It adds a crucial layer of depth and atmosphere that makes an environment feel like a real, living place rather than a digital set piece.\n""}","Ambient Audio - Ambient Audio is the background soundscape of a game world, designed to create a sense of place and atmosphere. It consists of layered, non-interactive sounds like wind, distant city noise, crickets chirping, or the subtle hum of machinery. These soundscapes are often location-based and can change dynamically based on the time of day or weather. Unlike specific sound effects, ambient audio provides a constant, underlying sonic texture to the environment.",1
"{'title': 'Lifeless game worlds', 'description': ""A visually detailed game world can feel sterile and empty if it's silent. Ambient Audio solves this by providing a constant soundscape. It adds a crucial layer of depth and atmosphere that makes an environment feel like a real, living place rather than a digital set piece.\n""}","Open World Map - An Open World Map is the user interface screen that displays the player's position within a large, non-linear game world. It serves as the primary tool for navigation, allowing players to set custom waypoints, view discovered points of interest, and often track the locations of quests and other activities spread across the expansive game space.",0
"{'title': 'Lifeless game worlds', 'description': ""A visually detailed game world can feel sterile and empty if it's silent. Ambient Audio solves this by providing a constant soundscape. It adds a crucial layer of depth and atmosphere that makes an environment feel like a real, living place rather than a digital set piece.\n""}","Perk System - A Perk System is a progression system where players can unlock specific, named abilities or passive bonuses (""perks"") that provide unique gameplay advantages. Unlike simple stat increases from leveling up, perks often grant new capabilities (e.g., ""pick any lock"") or significantly alter existing ones (e.g., ""pistols now fire in a burst""). They are the primary tool for creating distinct character builds.",0
"{'title': 'Emotional dissonance in audio', 'description': ""Having a single, looping music track creates emotional dissonance when the gameplay state changes, such as when calm exploration music continues to play during a surprise firefight. An Adaptive Soundtrack solves this by ensuring the musical score always reflects the player's current situation, heightening immersion and reinforcing the intended emotional tone of a moment.\n""}","Adaptive Soundtrack - An Adaptive Soundtrack is a musical score that dynamically changes its intensity, instrumentation, or melody in real-time based on gameplay events. Using a system of musical layers or stems, the game can seamlessly transition between different states, such as 'exploration,' 'tension,' and 'combat.' The audio engine cues these changes based on triggers like an enemy spotting the player or a new area being discovered, ensuring the music always matches the on-screen action.",1
"{'title': 'Emotional dissonance in audio', 'description': ""Having a single, looping music track creates emotional dissonance when the gameplay state changes, such as when calm exploration music continues to play during a surprise firefight. An Adaptive Soundtrack solves this by ensuring the musical score always reflects the player's current situation, heightening immersion and reinforcing the intended emotional tone of a moment.\n""}","Environmental Hazards - Environmental Hazards are elements of the game world that can inflict damage or a negative status effect on the player through proximity or contact. This can include natural hazards like pools of lava, deep water, or toxic gas vents, as well as man-made dangers like electrified floors, fields of radiation, or spinning blades.",0
"{'title': 'Emotional dissonance in audio', 'description': ""Having a single, looping music track creates emotional dissonance when the gameplay state changes, such as when calm exploration music continues to play during a surprise firefight. An Adaptive Soundtrack solves this by ensuring the musical score always reflects the player's current situation, heightening immersion and reinforcing the intended emotional tone of a moment.\n""}","Dodge - Dodge is a defensive action that allows a character to avoid damage by rapidly changing their position. The core of the mechanic lies in ""invincibility frames"" (i-frames)a brief window during the animation where the character is completely immune to damage. This allows players to pass through attacks unharmed, not just move out of their way. Its usage is almost always tied to a Stamina resource to prevent spamming.  Implementations vary in speed and distance, from long-distance rolls with larger i-frame windows to quick, short-range dashes. Unlike blocking, which absorbs damage at a fixed position, dodging is a commitment of movement that rewards precise timing and spatial awareness.",0
"{'title': 'Unfair off-screen threats', 'description': ""It's a design challenge to make threats that are outside the player's field of view feel fair. An enemy attacking from behind can feel like a cheap shot if there's no warning. Positional Audio solves this by providing clear, directional sound cues. Players can hear an enemy's footsteps behind them or a gunshot to their left, giving them the crucial information needed to react to unseen threats.\n""}","Positional Audio - Positional Audio, often referred to as 3D audio or spatial sound, is an audio-processing technique that simulates how sound travels in a three-dimensional space. By manipulating volume, delay, and equalization based on a sound's source relative to the player (the ""listener""), the system allows players to accurately pinpoint the location and distance of in-game events based on sound alone. This requires headphones or a multi-speaker setup for the full effect.",1
"{'title': 'Unfair off-screen threats', 'description': ""It's a design challenge to make threats that are outside the player's field of view feel fair. An enemy attacking from behind can feel like a cheap shot if there's no warning. Positional Audio solves this by providing clear, directional sound cues. Players can hear an enemy's footsteps behind them or a gunshot to their left, giving them the crucial information needed to react to unseen threats.\n""}","Ragdoll Physics - Ragdoll Physics is a procedural animation system that takes over a character's model upon death, incapacitation, or major impact. Instead of playing a pre-canned, static animation, the character's body becomes a collection of rigid bodies connected by joints. This ""ragdoll"" then reacts realistically to the forces applied to it, causing it to tumble down stairs, slump over ledges, or be thrown by an explosion in a unique, unscripted way every time.",0
"{'title': 'Unfair off-screen threats', 'description': ""It's a design challenge to make threats that are outside the player's field of view feel fair. An enemy attacking from behind can feel like a cheap shot if there's no warning. Positional Audio solves this by providing clear, directional sound cues. Players can hear an enemy's footsteps behind them or a gunshot to their left, giving them the crucial information needed to react to unseen threats.\n""}","Cinematic Camera - A Cinematic Camera is a system that temporarily wrests camera control from the player to enforce a specific, pre-authored angle, pan, or tracking shot. It is a directorial tool used by developers during scripted sequences or key story moments. By dictating the camera's behavior, the system can guarantee a dramatic presentation, highlight important details, or guide the player's focus, much like a film director framing a shot.",0
"{'title': 'Low replay value', 'description': 'A strictly linear game offers the exact same experience on every playthrough, which limits its replayability. A non-linear story solves this by creating a branching structure. It encourages multiple playthroughs as players want to see how different choices and quest orders will affect the overall narrative and world state.\n'}","Non-linear Story - A Non-linear Story is a narrative structure where major plot points, quests, and story arcs can be completed in an order chosen by the player. Unlike a linear story that follows a fixed A->B->C sequence, a non-linear narrative presents multiple paths that can be pursued in parallel. These paths can converge or influence each other, and player choices can lead to significantly different outcomes.",1
"{'title': 'Low replay value', 'description': 'A strictly linear game offers the exact same experience on every playthrough, which limits its replayability. A non-linear story solves this by creating a branching structure. It encourages multiple playthroughs as players want to see how different choices and quest orders will affect the overall narrative and world state.\n'}","Resource Combination - Resource Combination is a crafting system where players create new items by placing specific raw materials in a pre-defined pattern or recipe, often using a crafting grid or menu. The core gameplay loop involves exploring the world to gather diverse ingredients (wood, stone, ore, plants, etc.) and then using them to produce tools, equipment, or structures. It is the foundational mechanic of the survival-crafting genre.",0
"{'title': 'Low replay value', 'description': 'A strictly linear game offers the exact same experience on every playthrough, which limits its replayability. A non-linear story solves this by creating a branching structure. It encourages multiple playthroughs as players want to see how different choices and quest orders will affect the overall narrative and world state.\n'}",Matchmaking - Matchmaking is an automated system that groups players together for online matches. A skill-based matchmaking (SBMM) system uses a player's performance metrics (like a hidden rating or visible rank) to attempt to create balanced teams and fair matches. Simpler systems may just prioritize finding a game as quickly as possible.,0
"{'title': 'Unmotivated exploration', 'description': ""A large world can feel empty if the only reason to explore is to find stat-based loot. Lore collection solves this by turning narrative into a reward. It gives players a powerful, intrinsic motivation to explore every corner of the map, rewarding their curiosity with a deeper understanding of the world's history.\n""}","Lore Collection - Lore Collection is a system that scatters narrative information throughout the game world in the form of collectible items, such as books, audio logs, or item descriptions. The player is encouraged to find these fragments to piece together the history and context of the world. This content is often presented in a dedicated in-game codex or journal for later review.",1
"{'title': 'Unmotivated exploration', 'description': ""A large world can feel empty if the only reason to explore is to find stat-based loot. Lore collection solves this by turning narrative into a reward. It gives players a powerful, intrinsic motivation to explore every corner of the map, rewarding their curiosity with a deeper understanding of the world's history.\n""}","Microtransactions - Microtransactions are a system that allows players to purchase in-game content or currency using real-world money. These transactions are handled through a digital storefront integrated into the game client. The content sold can range from purely cosmetic items (like character skins), to quality-of-life improvements, to items that offer a direct gameplay advantage, the implementation of which is a key design and ethical consideration.",0
"{'title': 'Unmotivated exploration', 'description': ""A large world can feel empty if the only reason to explore is to find stat-based loot. Lore collection solves this by turning narrative into a reward. It gives players a powerful, intrinsic motivation to explore every corner of the map, rewarding their curiosity with a deeper understanding of the world's history.\n""}","Destructible Environments - Destructible Environments are a physics-based system that allows game world geometry, such as walls, cover, and entire buildings, to be dynamically damaged and destroyed by player or AI actions. This creates a battlefield that is not static, but is constantly changing and reacting to the forces of combat. Implementations can range from simple, pre-scripted destruction to fully dynamic, physics-based demolition.",0
"{'title': 'Forced narrative exposition', 'description': ""It's a design challenge to deliver lore and backstory without halting gameplay for a long cutscene or text dump. Environmental storytelling solves this by embedding the narrative directly into the explorable space. It respects player agency by allowing them to discover (or ignore) the story at their own pace, making lore discovery an active, immersive process.\n""}","Environmental Storytelling - Environmental Storytelling is a narrative technique where the history, lore, and events of the game world are communicated to the player through the level design and art direction, rather than through explicit text or dialogue. It involves telling a story through the careful placement of objects, the architecture, and the overall state of the environment (e.g., a skeleton clutching a note next to a locked door).",1
"{'title': 'Forced narrative exposition', 'description': ""It's a design challenge to deliver lore and backstory without halting gameplay for a long cutscene or text dump. Environmental storytelling solves this by embedding the narrative directly into the explorable space. It respects player agency by allowing them to discover (or ignore) the story at their own pace, making lore discovery an active, immersive process.\n""}","Base Building - Base Building is a system that allows players to construct persistent, customized structures and settlements using in-game resources. It functions as a core gameplay loop in many survival and sandbox games, offering a functional hub for crafting and storage, as well as a canvas for player creativity. The systems can range from placing pre-fabricated structures to free-form construction using individual pieces like walls and floors.",0
"{'title': 'Forced narrative exposition', 'description': ""It's a design challenge to deliver lore and backstory without halting gameplay for a long cutscene or text dump. Environmental storytelling solves this by embedding the narrative directly into the explorable space. It respects player agency by allowing them to discover (or ignore) the story at their own pace, making lore discovery an active, immersive process.\n""}","Voice Chat - Voice Chat is a system, either native to the game or integrated via a platform service (like Steam Voice or Discord), that allows players in the same session to communicate in real-time using a microphone. It provides a direct, high-bandwidth channel for communication that is far more efficient than text-based chat or in-game ping systems.",0
"{'title': 'Passive, non-interactive storytelling', 'description': ""Traditional game dialogue is a one-way street where the player just listens to an NPC's exposition, which can be passive and boring. Branching dialogue solves this by turning conversations into an interactive system. It gives the player agency to express their character and influence the narrative, making dialogue a core part of the gameplay rather than a break from it.\n""}","Branching Dialogue - Branching Dialogue is an interactive conversation system where the player is presented with multiple response options when talking to an NPC. The player's choice can lead to different conversational paths, reveal unique information, alter their relationship with the NPC, and in some cases, cause major diversions in the main story. It is often visualized as a ""dialogue tree.""",1
"{'title': 'Passive, non-interactive storytelling', 'description': ""Traditional game dialogue is a one-way street where the player just listens to an NPC's exposition, which can be passive and boring. Branching dialogue solves this by turning conversations into an interactive system. It gives the player agency to express their character and influence the narrative, making dialogue a core part of the gameplay rather than a break from it.\n""}","Map Expansion - Map Expansion is a narrative and world-design technique where sections of the game map are initially inaccessible to the player and are unlocked as they reach certain milestones in the story or progression. This is often represented by a ""fog of war"" that gets cleared, but can also be a literal barrier that is removed, revealing a new region of the world.",0
"{'title': 'Passive, non-interactive storytelling', 'description': ""Traditional game dialogue is a one-way street where the player just listens to an NPC's exposition, which can be passive and boring. Branching dialogue solves this by turning conversations into an interactive system. It gives the player agency to express their character and influence the narrative, making dialogue a core part of the gameplay rather than a break from it.\n""}","Interact - The Interact mechanic is the fundamental bridge between the player and the game world's objects, characters, and systems. The implementation is context-sensitive: the game engine detects when the player is near an interactable entity and presents a prompt for a specific action. This can range from a single-button system where the game determines the action to a menu-based system that offers the player multiple choices.  Advanced implementations include 'held' interactions, where holding a button for a duration creates tension or represents effort, such as reviving a teammate or disarming a trap.",0
"{'title': 'Clunky dialogue navigation', 'description': ""It's a challenge to make dialogue selection feel fluid with a controller, as traditional top-to-bottom list menus can be slow to navigate. A dialogue wheel solves this by mapping choices to the analog stick's natural, radial movement. This allows for faster, more intuitive selection, which is crucial for maintaining pacing in timed or cinematic conversations.\n""}","Dialogue Wheel - A Dialogue Wheel is a specific user interface for presenting branching dialogue choices in a radial menu. Options are often displayed as paraphrased intentions (e.g., ""Question,"" ""Threaten,"" ""Sarcastic"") rather than the full line of dialogue. This UI is designed for quick, intuitive selection with a controller's analog stick, making it ideal for cinematic conversations where pacing is important.",1
"{'title': 'Clunky dialogue navigation', 'description': ""It's a challenge to make dialogue selection feel fluid with a controller, as traditional top-to-bottom list menus can be slow to navigate. A dialogue wheel solves this by mapping choices to the analog stick's natural, radial movement. This allows for faster, more intuitive selection, which is crucial for maintaining pacing in timed or cinematic conversations.\n""}","Social Hubs - A Social Hub is a specific, often non-combat area within a game world designated as a central meeting place for players. These hubs are intentionally designed to encourage social interaction and typically contain key vendors, quest givers, banks, and other essential services, ensuring a high volume of player traffic.",0
"{'title': 'Clunky dialogue navigation', 'description': ""It's a challenge to make dialogue selection feel fluid with a controller, as traditional top-to-bottom list menus can be slow to navigate. A dialogue wheel solves this by mapping choices to the analog stick's natural, radial movement. This allows for faster, more intuitive selection, which is crucial for maintaining pacing in timed or cinematic conversations.\n""}","Upgrading - Upgrading is a system of progressive, linear enhancement for a single piece of equipment. Unlike modular crafting, where parts are swapped, upgrading typically involves spending resources or currency to increase an item's existing stats (e.g., from Level 1 to Level 2). This provides a straightforward and granular path for item progression, allowing players to continually invest in their favorite gear.",0
"{'title': 'Predictable enemy behavior', 'description': 'No matter how complex, AI opponents eventually become predictable, and players can master their patterns. PvP solves this by using the most unpredictable opponent possible: another human. This creates a dynamic, endlessly evolving challenge with a near-infinite skill ceiling that AI cannot replicate.\n'}","PvP - Player versus Player (PvP) is a mode of gameplay where two or more players compete directly against each other, as opposed to against AI-controlled opponents in Player versus Environment (PvE) content. This is the foundation of all competitive multiplayer games, from fighting games to battle royales.",1
"{'title': 'Predictable enemy behavior', 'description': 'No matter how complex, AI opponents eventually become predictable, and players can master their patterns. PvP solves this by using the most unpredictable opponent possible: another human. This creates a dynamic, endlessly evolving challenge with a near-infinite skill ceiling that AI cannot replicate.\n'}","Gesture Recognition - Gesture Recognition is a control scheme that uses a camera or other sensor to track the player's body movements and translate them into in-game actions. The system is programmed to recognize pre-defined physical gestures, like swinging an arm, making a specific pose, or a full-body dance move, and uses them as direct inputs.",0
"{'title': 'Predictable enemy behavior', 'description': 'No matter how complex, AI opponents eventually become predictable, and players can master their patterns. PvP solves this by using the most unpredictable opponent possible: another human. This creates a dynamic, endlessly evolving challenge with a near-infinite skill ceiling that AI cannot replicate.\n'}","Bullet Time - Bullet Time is a time-dilation mechanic that fundamentally alters the game's pacing, granting the player a temporary but significant tactical advantage. The core implementation involves scaling down the global game clock, affecting everything from enemy movement and projectile speed to environmental physics. Crucially, player input processingsuch as aiming and shootingremains close to a 1:1 response time. This creates a disparity where the player can perceive and act within a slowed-down world.  Effective Bullet Time relies heavily on strong audio-visual feedback. Common techniques include desaturating the screen's color palette, adding motion blur or tracer effects to fast-moving objects, and muffling ambient audio while emphasizing key sounds like heartbeats or bullet impacts. The activation is often tied to a depletable resource meter to encourage strategic use.",0
"{'title': 'Inefficient team coordination', 'description': ""It's a challenge to coordinate complex, time-sensitive team strategy using only pings or text chat. Integrated voice chat solves this by providing a high-bandwidth, real-time communication channel. It allows for complex strategic callouts and social interaction that would be impossible with other systems.\n""}","Voice Chat - Voice Chat is a system, either native to the game or integrated via a platform service (like Steam Voice or Discord), that allows players in the same session to communicate in real-time using a microphone. It provides a direct, high-bandwidth channel for communication that is far more efficient than text-based chat or in-game ping systems.",1
"{'title': 'Inefficient team coordination', 'description': ""It's a challenge to coordinate complex, time-sensitive team strategy using only pings or text chat. Integrated voice chat solves this by providing a high-bandwidth, real-time communication channel. It allows for complex strategic callouts and social interaction that would be impossible with other systems.\n""}","Combo Input - A Combo Input is a method, primarily in fighting games, that requires the player to perform a specific sequence of directional inputs and button presses within a strict timing window to execute a special move. This can range from simple quarter-circle motions (down, down-forward, forward + punch) to complex, multi-step chains of inputs that require significant muscle memory to perform consistently.",0
"{'title': 'Inefficient team coordination', 'description': ""It's a challenge to coordinate complex, time-sensitive team strategy using only pings or text chat. Integrated voice chat solves this by providing a high-bandwidth, real-time communication channel. It allows for complex strategic callouts and social interaction that would be impossible with other systems.\n""}","Cover System - A Cover System allows both players and AI characters to use environmental objects for protection during combat. It's a foundational mechanic in third-person shooters. The system typically involves a context-sensitive input to ""stick"" to cover, with additional actions for peeking out, blind-firing, and moving between adjacent cover points. For AI, it involves logic for identifying, pathfinding to, and utilizing cover positions effectively.",0
"{'title': 'Solo puzzle and combat limitations', 'description': ""It's difficult to design complex cooperative puzzles or large-scale combat encounters for a single player without overwhelming them or relying on clunky companion AI. Co-op play solves this by distributing the cognitive load across multiple humans. This enables designers to create far more complex challenges that require genuine teamwork, communication, and role specialization.\n""}","Co-op Play - Cooperative (Co-op) Play is a mode that allows two or more players to experience a game's campaign or specific scenarios together, working towards a common goal against AI-controlled opponents (PvE). This contrasts with Player versus Player (PvP) modes, where players compete against each other.",1
"{'title': 'Solo puzzle and combat limitations', 'description': ""It's difficult to design complex cooperative puzzles or large-scale combat encounters for a single player without overwhelming them or relying on clunky companion AI. Co-op play solves this by distributing the cognitive load across multiple humans. This enables designers to create far more complex challenges that require genuine teamwork, communication, and role specialization.\n""}","Parry - A Parry is a high-skill defensive action that deflects an incoming attack if timed correctly within a very brief active window. Unlike a block, which mitigates damage, a successful parry typically negates all damage and immediately puts the attacker into a vulnerable 'stagger' or 'riposte' state. This creates a massive opening for a counter-attack, making it the ultimate risk-versus-reward defensive maneuver.  The risk is absolute: missing the parry window leaves the player completely open to taking full damage. To ensure fairness, designers often include specific 'unparryable' attacks, telegraphed with a unique visual cue, which force the player to rely on other defensive options.",0
"{'title': 'Solo puzzle and combat limitations', 'description': ""It's difficult to design complex cooperative puzzles or large-scale combat encounters for a single player without overwhelming them or relying on clunky companion AI. Co-op play solves this by distributing the cognitive load across multiple humans. This enables designers to create far more complex challenges that require genuine teamwork, communication, and role specialization.\n""}","Dodge - Dodge is a defensive action that allows a character to avoid damage by rapidly changing their position. The core of the mechanic lies in ""invincibility frames"" (i-frames)a brief window during the animation where the character is completely immune to damage. This allows players to pass through attacks unharmed, not just move out of their way. Its usage is almost always tied to a Stamina resource to prevent spamming.  Implementations vary in speed and distance, from long-distance rolls with larger i-frame windows to quick, short-range dashes. Unlike blocking, which absorbs damage at a fixed position, dodging is a commitment of movement that rewards precise timing and spatial awareness.",0
"{'title': 'Limited game accessibility for non-players', 'description': ""A game can typically only be experienced by playing it. This limits its audience and community potential. A spectator mode solves this by turning the game into a viewable sport. It's the foundational tool that enables esports, shoutcasting, and tournament broadcasting, dramatically expanding the game's reach.\n""}","Spectator Mode - A Spectator Mode is a feature that allows a user to join a live game session as an invisible, non-participating observer. The spectator is typically given a suite of camera tools to follow specific players, view the action from any angle, or see a strategic overview of the entire map. This mode is essential for esports and community content creation.",1
"{'title': 'Limited game accessibility for non-players', 'description': ""A game can typically only be experienced by playing it. This limits its audience and community potential. A spectator mode solves this by turning the game into a viewable sport. It's the foundational tool that enables esports, shoutcasting, and tournament broadcasting, dramatically expanding the game's reach.\n""}","Touch Input - Touch Input is a control scheme designed for touchscreen devices, where player input is registered through direct physical contact with the screen. This includes gestures like tapping, swiping, pinching to zoom, and dragging. Game controls are rendered as virtual, on-screen elements rather than physical buttons.",0
"{'title': 'Limited game accessibility for non-players', 'description': ""A game can typically only be experienced by playing it. This limits its audience and community potential. A spectator mode solves this by turning the game into a viewable sport. It's the foundational tool that enables esports, shoutcasting, and tournament broadcasting, dramatically expanding the game's reach.\n""}","Trade System - A Trade System is the set of rules and user interface elements that facilitates the direct exchange of items or currency between two or more parties, such as player-to-player or player-to-NPC. This can include simple two-player trading windows with an ""accept"" button to prevent scams, complex bartering systems with NPCs, or large-scale cargo hauling between different regions in a game world.",0
"{'title': 'Lopsided multiplayer matches', 'description': 'Without a system for balancing teams, new players are often matched against veterans, leading to frustrating, one-sided stomps that cause them to quit. Matchmaking solves this. It attempts to place players of similar skill in the same matches, which increases the likelihood of a close, engaging game and improves long-term player retention.\n'}",Matchmaking - Matchmaking is an automated system that groups players together for online matches. A skill-based matchmaking (SBMM) system uses a player's performance metrics (like a hidden rating or visible rank) to attempt to create balanced teams and fair matches. Simpler systems may just prioritize finding a game as quickly as possible.,1
"{'title': 'Lopsided multiplayer matches', 'description': 'Without a system for balancing teams, new players are often matched against veterans, leading to frustrating, one-sided stomps that cause them to quit. Matchmaking solves this. It attempts to place players of similar skill in the same matches, which increases the likelihood of a close, engaging game and improves long-term player retention.\n'}","Blueprints - A Blueprint is a system that saves a structure's layout, either as a pre-designed template from the developer or as a player-created design. This saved data is then used to project a ""ghost"" image of the structure into the world. Players can then either automatically build the structure by providing the required resources, or use the projection as a guide for manual construction.",0
"{'title': 'Lopsided multiplayer matches', 'description': 'Without a system for balancing teams, new players are often matched against veterans, leading to frustrating, one-sided stomps that cause them to quit. Matchmaking solves this. It attempts to place players of similar skill in the same matches, which increases the likelihood of a close, engaging game and improves long-term player retention.\n'}","Auction House - An Auction House is a centralized, asynchronous marketplace system in a multiplayer game. It allows players to list items for sale for a set duration, and other players can then place bids or purchase the item outright for a ""buyout"" price. This system automates player-to-player trade, removing the need for both parties to be online and meet in the same location to conduct an exchange.",0
"{'title': 'Constant navigation interruption', 'description': 'Forcing a player to constantly open a full-screen map to navigate a complex area breaks the flow of gameplay. The minimap solves this. It provides essential, at-a-glance navigational information directly on the gameplay screen, allowing players to orient themselves and find objectives without interrupting their movement and exploration.\n'}","Minimap - A Minimap is a small, real-time map of the player's immediate surroundings, displayed as a persistent element of the HUD, typically in a corner of the screen. It shows the player's position and orientation, nearby points of interest, quest objectives, and sometimes the position of enemies. It provides crucial navigational and situational awareness at a glance.",1
"{'title': 'Constant navigation interruption', 'description': 'Forcing a player to constantly open a full-screen map to navigate a complex area breaks the flow of gameplay. The minimap solves this. It provides essential, at-a-glance navigational information directly on the gameplay screen, allowing players to orient themselves and find objectives without interrupting their movement and exploration.\n'}","Wall Run - A Wall Run is a parkour-style movement mechanic that allows the player character to run horizontally or vertically along flat surfaces for a limited time or distance. It is an advanced traversal technique that uses the environment itself as part of the player's path, often requiring a running start and allowing for chained movements with jumps or other abilities.",0
"{'title': 'Constant navigation interruption', 'description': 'Forcing a player to constantly open a full-screen map to navigate a complex area breaks the flow of gameplay. The minimap solves this. It provides essential, at-a-glance navigational information directly on the gameplay screen, allowing players to orient themselves and find objectives without interrupting their movement and exploration.\n'}","Cinematic Camera - A Cinematic Camera is a system that temporarily wrests camera control from the player to enforce a specific, pre-authored angle, pan, or tracking shot. It is a directorial tool used by developers during scripted sequences or key story moments. By dictating the camera's behavior, the system can guarantee a dramatic presentation, highlight important details, or guide the player's focus, much like a film director framing a shot.",0
"{'title': 'Invisible interaction points', 'description': ""It's a design challenge to clearly communicate which of the thousands of objects in a game world are interactable without cluttering the screen with constant icons. Contextual prompts solve this by only appearing when the player is in range of an object. This keeps the world clean while providing clear, just-in-time affordances for interaction.\n""}","Contextual Prompts - A Contextual Prompt is a UI element that dynamically displays a button prompt on-screen when the player is near an interactable object or in a specific state. The prompt typically shows both the available action (e.g., 'Open,' 'Talk,' 'Take') and the key or button required to perform it. It serves as the direct visual feedback for the Interact mechanic, communicating available actions to the player.",1
"{'title': 'Invisible interaction points', 'description': ""It's a design challenge to clearly communicate which of the thousands of objects in a game world are interactable without cluttering the screen with constant icons. Contextual prompts solve this by only appearing when the player is in range of an object. This keeps the world clean while providing clear, just-in-time affordances for interaction.\n""}","User-Generated Content - User-Generated Content (UGC) is a broad category for mechanics that allow players to create content (like levels, quests, or characters) using in-game tools and then share that content with other players through a centralized, integrated service. The focus is on providing a seamless loop of creating, sharing, and playing community-made content, all within the game itself.",0
"{'title': 'Invisible interaction points', 'description': ""It's a design challenge to clearly communicate which of the thousands of objects in a game world are interactable without cluttering the screen with constant icons. Contextual prompts solve this by only appearing when the player is in range of an object. This keeps the world clean while providing clear, just-in-time affordances for interaction.\n""}","Perception - Perception in AI refers to the systems that simulate senses, primarily sight and hearing, allowing non-player characters to detect and react to the player and the world. This involves defining parameters like an AI's field of view, detection range, and sensitivity to sound. When the player enters a perception trigger (e.g., a line-of-sight check passes), the AI's state changes, for instance from 'patrolling' to 'suspicious' or 'hostile'. This system is fundamental to creating believable and responsive enemies.",0
"{'title': 'Complex statistical calculations', 'description': ""It's difficult for a player in a complex RPG to know if a new piece of gear is an upgrade without manually calculating many different stats. Dynamic tooltips solve this by performing the comparison automatically. They instantly show the player the exact statistical gains or losses, allowing for quick, informed decisions without breaking game flow.\n""}","Dynamic Tooltips - A Dynamic Tooltip is an information-rich popup that appears when the player hovers their cursor over a UI element, such as an item in their inventory or an ability on their hotbar. These tooltips are ""dynamic"" because they update in real-time to reflect how an item's stats would change based on the player's current attributes, buffs, or even a comparison with their currently equipped gear.",1
"{'title': 'Complex statistical calculations', 'description': ""It's difficult for a player in a complex RPG to know if a new piece of gear is an upgrade without manually calculating many different stats. Dynamic tooltips solve this by performing the comparison automatically. They instantly show the player the exact statistical gains or losses, allowing for quick, informed decisions without breaking game flow.\n""}","Voice Commands - Voice Commands are an input method that allows players to control in-game actions by speaking into a microphone. This system uses speech recognition technology to parse player speech and map it to specific commands within the game's control scheme. It is often used as an alternative or supplement to traditional controller or keyboard inputs, allowing for hands-free control of certain actions, like commanding squad mates or navigating menus.",0
"{'title': 'Complex statistical calculations', 'description': ""It's difficult for a player in a complex RPG to know if a new piece of gear is an upgrade without manually calculating many different stats. Dynamic tooltips solve this by performing the comparison automatically. They instantly show the player the exact statistical gains or losses, allowing for quick, informed decisions without breaking game flow.\n""}","Random Events - A Random Event is a system that triggers unexpected, scripted or semi-scripted occurrences within the game world based on a set of probabilities, hidden timers, or specific player actions. These events are designed to disrupt the normal flow of gameplay and can range from a sudden pirate attack in a strategy game to a unique NPC encounter in an open world.",0
"{'title': 'Slow inventory access during combat', 'description': ""It's a design problem that accessing items from a traditional, list-based menu during real-time combat is slow and clunky. A radial menu solves this. It maps a large number of items or weapons to quick, directional muscle-memory gestures on an analog stick, allowing the player to select what they need in a fraction of a second.\n""}","Radial Menus - A Radial Menu is a user interface element where options are arranged in a circle around a central point, designed for quick selection with a controller's analog stick. When the player holds a button, the menu appears, and they select an option by flicking the stick in the corresponding direction and releasing the button. It is commonly used for weapon, item, or emote selection.",1
"{'title': 'Slow inventory access during combat', 'description': ""It's a design problem that accessing items from a traditional, list-based menu during real-time combat is slow and clunky. A radial menu solves this. It maps a large number of items or weapons to quick, directional muscle-memory gestures on an analog stick, allowing the player to select what they need in a fraction of a second.\n""}","Destructible Environments - Destructible Environments are a physics-based system that allows game world geometry, such as walls, cover, and entire buildings, to be dynamically damaged and destroyed by player or AI actions. This creates a battlefield that is not static, but is constantly changing and reacting to the forces of combat. Implementations can range from simple, pre-scripted destruction to fully dynamic, physics-based demolition.",0
"{'title': 'Slow inventory access during combat', 'description': ""It's a design problem that accessing items from a traditional, list-based menu during real-time combat is slow and clunky. A radial menu solves this. It maps a large number of items or weapons to quick, directional muscle-memory gestures on an analog stick, allowing the player to select what they need in a fraction of a second.\n""}","Workshop Integration - Workshop Integration is a system that directly integrates a centralized, user-friendly content distribution platform (like the Steam Workshop) into the game client or launcher. This allows players to easily browse, subscribe to, download, and manage mods and other user-generated content with a single click, automating what was once a complex, manual installation process.",0
"{'title': 'Hidden critical information', 'description': ""It's a design paradox: players need constant access to critical information like their health, but pausing the game to check a menu during intense action is impossible. The HUD solves this by presenting this vital data as a persistent, non-interactive overlay. This allows the player to stay informed at a glance without ever disengaging from the core gameplay.\n""}","HUD - The Heads-Up Display (HUD) is the collection of persistent, on-screen user interface elements that display critical real-time game information to the player. This commonly includes a health bar, ammo count, a minimap, and current objectives. It is a non-diegetic overlay designed to give the player constant access to vital information without needing to pause the game or open a menu.",1
"{'title': 'Hidden critical information', 'description': ""It's a design paradox: players need constant access to critical information like their health, but pausing the game to check a menu during intense action is impossible. The HUD solves this by presenting this vital data as a persistent, non-interactive overlay. This allows the player to stay informed at a glance without ever disengaging from the core gameplay.\n""}",Double Jump - A Double Jump is a core platforming mechanic that grants the player the ability to perform a second jump while in mid-air. This action defies real-world physics to provide the player with significantly enhanced vertical and horizontal control during aerial traversal. It serves as a foundational tool for creating more complex and demanding platforming challenges.,0
"{'title': 'Hidden critical information', 'description': ""It's a design paradox: players need constant access to critical information like their health, but pausing the game to check a menu during intense action is impossible. The HUD solves this by presenting this vital data as a persistent, non-interactive overlay. This allows the player to stay informed at a glance without ever disengaging from the core gameplay.\n""}","Trade System - A Trade System is the set of rules and user interface elements that facilitates the direct exchange of items or currency between two or more parties, such as player-to-player or player-to-NPC. This can include simple two-player trading windows with an ""accept"" button to prevent scams, complex bartering systems with NPCs, or large-scale cargo hauling between different regions in a game world.",0
"{'title': 'Homogenous character builds', 'description': 'If progression is just about increasing base stats, every high-level character ends up feeling the same. A perk system solves this by introducing meaningful, strategic choices. It allows players to specialize in a specific playstyle (e.g., stealth, heavy weapons, speech), creating significant build diversity and replayability.\n'}","Perk System - A Perk System is a progression system where players can unlock specific, named abilities or passive bonuses (""perks"") that provide unique gameplay advantages. Unlike simple stat increases from leveling up, perks often grant new capabilities (e.g., ""pick any lock"") or significantly alter existing ones (e.g., ""pistols now fire in a burst""). They are the primary tool for creating distinct character builds.",1
"{'title': 'Homogenous character builds', 'description': 'If progression is just about increasing base stats, every high-level character ends up feeling the same. A perk system solves this by introducing meaningful, strategic choices. It allows players to specialize in a specific playstyle (e.g., stealth, heavy weapons, speech), creating significant build diversity and replayability.\n'}","Crafting Materials - Crafting Materials are a category of items whose sole purpose is to be consumed in a crafting recipe to produce another item. These materials, such as ore, wood, leather, or herbs, are gathered from the game world and form the fundamental building blocks of the in-game economy and player-driven production. They typically have no use on their own and exist only to be transformed.",0
"{'title': 'Homogenous character builds', 'description': 'If progression is just about increasing base stats, every high-level character ends up feeling the same. A perk system solves this by introducing meaningful, strategic choices. It allows players to specialize in a specific playstyle (e.g., stealth, heavy weapons, speech), creating significant build diversity and replayability.\n'}","HUD - The Heads-Up Display (HUD) is the collection of persistent, on-screen user interface elements that display critical real-time game information to the player. This commonly includes a health bar, ammo count, a minimap, and current objectives. It is a non-diegetic overlay designed to give the player constant access to vital information without needing to pause the game or open a menu.",0
"{'title': 'Lack of measurable progress', 'description': 'It can be difficult for players to feel a tangible sense of growth over a long game. A leveling system solves this by providing a clear, quantifiable measure of progress. The constant feedback of gaining XP and leveling up creates a powerful and addictive psychological loop that keeps players invested.\n'}","Leveling Up - Leveling Up is a core RPG progression system where a player character earns Experience Points (XP) for completing tasks. Upon reaching a certain XP threshold, the character's ""Level"" increases. This typically grants an automatic increase in base statistics (like health and damage) and often awards points to spend in other systems, like Skill Trees or perks.",1
"{'title': 'Lack of measurable progress', 'description': 'It can be difficult for players to feel a tangible sense of growth over a long game. A leveling system solves this by providing a clear, quantifiable measure of progress. The constant feedback of gaining XP and leveling up creates a powerful and addictive psychological loop that keeps players invested.\n'}","Interact - The Interact mechanic is the fundamental bridge between the player and the game world's objects, characters, and systems. The implementation is context-sensitive: the game engine detects when the player is near an interactable entity and presents a prompt for a specific action. This can range from a single-button system where the game determines the action to a menu-based system that offers the player multiple choices.  Advanced implementations include 'held' interactions, where holding a button for a duration creates tension or represents effort, such as reviving a teammate or disarming a trap.",0
"{'title': 'Lack of measurable progress', 'description': 'It can be difficult for players to feel a tangible sense of growth over a long game. A leveling system solves this by providing a clear, quantifiable measure of progress. The constant feedback of gaining XP and leveling up creates a powerful and addictive psychological loop that keeps players invested.\n'}","Parry - A Parry is a high-skill defensive action that deflects an incoming attack if timed correctly within a very brief active window. Unlike a block, which mitigates damage, a successful parry typically negates all damage and immediately puts the attacker into a vulnerable 'stagger' or 'riposte' state. This creates a massive opening for a counter-attack, making it the ultimate risk-versus-reward defensive maneuver.  The risk is absolute: missing the parry window leaves the player completely open to taking full damage. To ensure fairness, designers often include specific 'unparryable' attacks, telegraphed with a unique visual cue, which force the player to rely on other defensive options.",0
"{'title': 'Unclear progression paths', 'description': ""A long, unstructured list of unlockable abilities can be overwhelming and doesn't communicate long-term goals. A skill tree solves this by visualizing the entire progression path. It allows players to plan their build in advance and make informed decisions about their character's development, providing a clear roadmap for their progression.\n""}","Skill Trees - A Skill Tree is a visual representation of a character's progression path, where skills and abilities are laid out in a branching, tree-like structure. Players spend points (often earned by leveling up) to unlock nodes on the tree. More powerful abilities are typically located further down a branch, requiring investment in prerequisite, lower-tier skills to reach them.",1
"{'title': 'Unclear progression paths', 'description': ""A long, unstructured list of unlockable abilities can be overwhelming and doesn't communicate long-term goals. A skill tree solves this by visualizing the entire progression path. It allows players to plan their build in advance and make informed decisions about their character's development, providing a clear roadmap for their progression.\n""}","Player Trading - Player Trading is the set of rules and user interface that facilitates the direct, synchronous exchange of items or currency between two players. This typically involves a secure trading window where both parties must place their offered items and then confirm the exchange before it is finalized. This secure process is designed to prevent scams and ensure a fair transaction.",0
"{'title': 'Unrewarded player actions', 'description': 'Players can feel like their time is being wasted if minor actions, like defeating a weak enemy, have no tangible reward. An experience point system solves this. By assigning an XP value to nearly every positive action, it ensures that the player is always making measurable progress towards their next level, no matter how small the task.\n'}","Experience Points - Experience Points (XP or EXP) are a numerical value awarded to players for completing in-game actions, such as winning battles, finishing quests, or discovering new locations. XP is the fundamental ""currency"" for the Leveling Up system; accumulating a specific amount of XP is what causes a character to gain a level and become more powerful.",1
"{'title': 'Unrewarded player actions', 'description': 'Players can feel like their time is being wasted if minor actions, like defeating a weak enemy, have no tangible reward. An experience point system solves this. By assigning an XP value to nearly every positive action, it ensures that the player is always making measurable progress towards their next level, no matter how small the task.\n'}","Procedural Generation - Procedural Generation is a set of algorithms used to create game content on the fly, rather than manually designing it. This can apply to level layouts, item statistics, character appearances, or entire worlds. By using a combination of rules and randomness (often derived from a ""seed"" value), it can generate vast amounts of unique-feeling content from a limited set of pre-made assets.",0
"{'title': 'Unrewarded player actions', 'description': 'Players can feel like their time is being wasted if minor actions, like defeating a weak enemy, have no tangible reward. An experience point system solves this. By assigning an XP value to nearly every positive action, it ensures that the player is always making measurable progress towards their next level, no matter how small the task.\n'}","Voice Input - Voice Input is an input method that allows players to control in-game actions by speaking into a microphone. This system uses speech recognition technology to parse player speech and map it to specific commands within the game's control scheme. It is often used as an alternative or supplement to traditional controller or keyboard inputs, allowing for hands-free control of certain actions.",0
"{'title': 'Lack of player motivation', 'description': ""It's a design challenge to keep players engaged after they've mastered the core gameplay. Unlockables solve this by providing a clear set of extrinsic goals. The desire to unlock a new character or a cool weapon skin provides a powerful motivation for players to continue playing and engage with different aspects of the game.\n""}","Unlockables - Unlockables are a system of rewards (such as characters, weapons, cosmetic skins, or game modes) that are initially unavailable to the player. They must be made accessible by completing specific in-game challenges, reaching progression milestones, or spending a specific in-game currency.",1
"{'title': 'Lack of player motivation', 'description': ""It's a design challenge to keep players engaged after they've mastered the core gameplay. Unlockables solve this by providing a clear set of extrinsic goals. The desire to unlock a new character or a cool weapon skin provides a powerful motivation for players to continue playing and engage with different aspects of the game.\n""}","Economy Balancing - Economy Balancing is not a single mechanic, but the high-level design process of managing the flow of all resources and currency within a game. This involves tuning ""faucets"" (how resources are generated), ""drains"" or ""sinks"" (how resources are removed), and costs to ensure a stable, engaging, and unexploitable economic system for the player over the lifetime of the game.",0
"{'title': 'Lack of player motivation', 'description': ""It's a design challenge to keep players engaged after they've mastered the core gameplay. Unlockables solve this by providing a clear set of extrinsic goals. The desire to unlock a new character or a cool weapon skin provides a powerful motivation for players to continue playing and engage with different aspects of the game.\n""}","In-Game Chat - An In-Game Chat is a user interface that allows for real-time text-based communication between players in the same game session or channel. It typically includes different channels for various groups, such as local area ('say'), team, party or group, and private messages ('whispers'). It is a foundational feature of most multiplayer PC games.",0
